Soil temperature at different depths,,,,,,"NSF projects ARC-0520578, ARC-0632400, and ARC-0856864",,,,,,,,,,
Deadhorse 2 New,,,,,,PI/Data contact =Vladimir E. Romanovsky,,,,,,,,,,
Location: W 148.4653; N 70.161283,,,,,,Professor,,,,,,,,,,
Elevation (meters):,,,,,,Geophysical Institute UAF      ,,,,,,,,,,
Slope: flat,,,,,,2156 Koyukuk Drive               ,,,tel.: (907)474-7459,,,,,,,
Aspect: flat,,,,,,P.O.Box 757320                 ,,,fax: (907)474-7290 ,,,,,,,
,,,,,,"Fairbanks, AK 99775-7320     ",,,e-mail: veromanovsky@alaska.edu,,,,,,,
,,,,,,,,,,,,,,,,
Data dates: 06/01/17-06/01/18,,,,,,,,,,,,,,,,
"WARNING: ""NULL"" fields mean not valid data; all temperatures in degrees Celsius; negative depths mean ""above ground""",,,,,,,,,,,,,,,,
ALASKAN SUMMER TIME,,,,,,,,,,,,,,,,
DATE,Temp_MRC_Air,Temp_MRC_Surf,Temp_MRC_-0.19m,Temp_MRC_-0.14m,Temp_MRC_-0.06m,Temp_MRC_0.02m,Temp_MRC_0.09m,Temp_MRC_0.16m,Temp_MRC_0.25m,Temp_MRC_0.32m,Temp_MRC_0.48m,Temp_MRC_0.63m,Temp_MRC_0.84m,Temp_107_0.15m,Temp_107_0.30m,Temp_107_0.60m
2017-06-01,1.506,-0.393,4.687,4.122,-0.022,-0.55,-0.869,-1.034,-0.973,-0.92,-2.024,-3.344,-4.165,-0.6494,-0.4798,-2.7734
2017-06-02,-1.177,-0.344,1.464,1.522,0.032,-0.444,-0.729,-0.975,-1.239,-1.517,-2.125,-3.111,-3.852,-0.4383,-0.8116,-2.5419
2017-06-03,-2.175,-0.313,0.293,0.681,0.173,-0.424,-0.726,-1.03,-1.35,-1.659,-2.195,-3.036,-3.681,-0.4961,-1.054,-2.4806
2017-06-04,-2.173,-0.245,0.079,0.485,0.467,-0.395,-0.726,-1.03,-1.356,-1.673,-2.19,-2.955,-3.555,-0.5968,-1.2933,-2.4713
2017-06-05,-2.301,-0.02,0.467,0.89,0.831,-0.296,-0.566,-0.872,-1.225,-1.63,-2.144,-2.88,-3.446,-0.6365,-1.45,-2.4757
2017-06-06,-1.364,0.222,0.848,1.108,0.839,-0.207,-0.514,-0.866,-1.203,-1.564,-2.079,-2.798,-3.352,-0.4586,-1.4528,-2.4393
2017-06-07,-0.604,0.177,1.349,1.514,0.533,-0.262,-0.613,-0.94,-1.238,-1.555,-2.036,-2.728,-3.261,-0.6545,-1.5286,-2.3978
2017-06-08,-0.116,0.082,1.281,1.389,0.428,-0.27,-0.614,-0.919,-1.214,-1.52,-1.981,-2.663,-3.185,-0.7115,-1.5362,-2.3571
2017-06-09,-1.924,-0.179,0.699,1.084,-0.041,-0.266,-0.587,-0.89,-1.179,-1.479,-1.934,-2.601,-3.107,-0.6936,-1.5072,-2.3057
2017-06-10,-0.326,-0.145,2.681,2.92,0.186,-0.27,-0.575,-0.865,-1.145,-1.441,-1.889,-2.538,-3.038,-0.6602,-1.4636,-2.2466
2017-06-11,0.752,0.116,4.903,4.628,0.684,-0.26,-0.556,-0.843,-1.112,-1.406,-1.848,-2.485,-2.975,-0.6235,-1.418,-2.1869
2017-06-12,-0.219,0.046,2.677,2.91,0.542,-0.255,-0.538,-0.818,-1.087,-1.366,-1.802,-2.428,-2.906,-0.5795,-1.37,-2.1322
2017-06-13,0.003,0.076,3.562,3.765,0.739,-0.248,-0.523,-0.794,-1.06,-1.332,-1.757,-2.37,-2.852,-0.5284,-1.3078,-2.0672
2017-06-14,-0.554,0.084,1.838,2.036,0.605,-0.242,-0.501,-0.769,-1.023,-1.29,-1.71,-2.321,-2.784,-0.4928,-1.2608,-2.0042
2017-06-15,0.163,0.35,3.442,3.495,1.277,-0.212,-0.485,-0.744,-0.995,-1.259,-1.663,-2.275,-2.731,-0.4603,-1.2223,-1.9571
2017-06-16,1.424,0.515,3.714,3.768,1.569,-0.195,-0.467,-0.726,-0.969,-1.225,-1.625,-2.218,-2.677,-0.4276,-1.182,-1.908
2017-06-17,0.854,0.636,4.499,4.584,1.756,-0.169,-0.448,-0.703,-0.942,-1.196,-1.583,-2.17,-2.617,-0.3951,-1.143,-1.8605
2017-06-18,4.492,1.639,9.009,8.933,3.848,-0.043,-0.423,-0.676,-0.916,-1.16,-1.549,-2.132,-2.573,-0.3558,-1.0991,-1.809
2017-06-19,4.534,2.098,8.799,8.545,3.975,0.233,-0.382,-0.582,-0.738,-0.972,-1.418,-2.042,-2.506,-0.3119,-1.0522,-1.7655
2017-06-20,6.451,2.435,9.489,9.27,4.686,0.628,-0.342,-0.536,-0.715,-0.934,-1.344,-1.959,-2.432,-0.2532,-0.9915,-1.7074
2017-06-21,12.859,4.804,14.85,14.468,7.998,1.835,-0.3,-0.525,-0.722,-0.935,-1.322,-1.917,-2.376,-0.1943,-0.9386,-1.649
2017-06-22,11.189,5.412,15.806,15.191,8.38,2.868,-0.216,-0.501,-0.704,-0.921,-1.293,-1.875,-2.323,-0.1346,-0.8977,-1.6029
2017-06-23,12.148,5.866,14.785,14.37,8.649,3.503,-0.047,-0.462,-0.671,-0.893,-1.273,-1.84,-2.281,-0.0426,-0.8531,-1.5592
2017-06-24,14.31,6.972,17.359,17.065,9.786,4.381,0.462,-0.414,-0.635,-0.857,-1.24,-1.802,-2.241,0.2198,-0.8019,-1.5128
2017-06-25,11.67,6.892,15.038,14.543,9.165,4.86,1.218,-0.351,-0.587,-0.813,-1.195,-1.758,-2.195,0.6937,-0.756,-1.4691
2017-06-26,8.974,5.968,12.849,12.619,8.116,4.506,1.555,-0.281,-0.536,-0.763,-1.153,-1.714,-2.149,1.0093,-0.7073,-1.4223
2017-06-27,4.158,4.151,7.693,7.894,5.221,3.313,1.409,-0.218,-0.49,-0.719,-1.105,-1.665,-2.1,1.1086,-0.662,-1.3807
2017-06-28,5.728,4.101,9.371,9.266,5.905,3.156,1.337,-0.165,-0.453,-0.677,-1.057,-1.623,-2.057,1.1005,-0.6139,-1.3329
2017-06-29,5.589,4.596,9.832,9.933,6.496,3.58,1.649,-0.092,-0.419,-0.644,-1.019,-1.582,-2.015,1.2991,-0.5703,-1.2872
2017-06-30,4.452,4.082,7.429,7.764,5.422,3.326,1.695,0.007,-0.386,-0.607,-0.984,-1.541,-1.971,1.5245,-0.5316,-1.246
2017-07-01,5.755,4.244,10.971,11.175,6.776,3.219,1.61,0.095,-0.354,-0.574,-0.948,-1.504,-1.928,1.5181,-0.4889,-1.2022
2017-07-02,8.827,5.907,12.808,12.625,8.611,4.63,2.421,0.373,-0.335,-0.555,-0.915,-1.467,-1.89,1.996,-0.4499,-1.1616
2017-07-03,9.243,5.911,12.991,12.677,8.609,4.807,2.743,0.695,-0.308,-0.525,-0.883,-1.428,-1.849,2.2109,-0.4152,-1.1241
2017-07-04,9.914,6.204,14.235,13.869,9.084,5.141,2.981,0.949,-0.273,-0.496,-0.85,-1.392,-1.815,2.1287,-0.3798,-1.084
2017-07-05,11.997,7.125,13.198,13.131,10.285,5.93,3.534,1.331,-0.219,-0.465,-0.82,-1.359,-1.774,2.2607,-0.3479,-1.0482
2017-07-06,17.904,9.43,20.324,20.182,14.75,7.773,4.512,1.902,-0.113,-0.43,-0.784,-1.316,-1.731,2.4933,-0.3122,-1.009
2017-07-07,14.862,9.872,17.235,17.106,13.402,8.656,5.671,2.818,0.289,-0.384,-0.742,-1.275,-1.682,3.0263,-0.2883,-0.9813
2017-07-08,13.684,9.256,17.674,17.359,13.276,8.285,5.64,3.144,0.878,-0.325,-0.706,-1.244,-1.65,3.1003,-0.2597,-0.9499
2017-07-09,7.698,7.642,10.333,10.604,9.309,7.171,5.375,3.266,1.231,-0.264,-0.666,-1.209,-1.614,3.2395,-0.2391,-0.9244
2017-07-10,7.282,6.228,9.049,9.238,8.014,5.861,4.389,2.766,1.189,-0.202,-0.625,-1.174,-1.582,2.9319,-0.2083,-0.889
2017-07-11,6.81,5.699,8.98,9.211,7.666,5.387,3.948,2.5,1.161,-0.149,-0.582,-1.134,-1.542,2.7706,-0.1775,-0.8564
2017-07-12,7.469,5.558,10.077,10.281,8.003,5.251,3.772,2.401,1.176,-0.083,-0.546,-1.094,-1.506,2.6532,-0.1469,-0.8185
2017-07-13,10.713,6.563,14.79,14.755,11.141,6.134,4.042,2.517,1.277,0.004,-0.512,-1.056,-1.47,2.753,-0.109,-0.7803
2017-07-14,17.543,9.44,21.14,20.904,16.327,8.738,5.525,3.363,1.766,0.211,-0.484,-1.022,-1.431,3.4482,-0.0705,-0.7407
2017-07-15,11.356,9.496,14.122,14.354,12.45,9.179,6.839,4.54,2.597,0.68,-0.453,-0.99,-1.39,4.2435,-0.0383,-0.7185
2017-07-16,7.692,6.962,10.403,10.777,8.915,6.859,5.574,4.075,2.577,0.951,-0.412,-0.959,-1.357,3.9263,0.0718,-0.693
2017-07-17,9.426,6.685,12.134,12.353,10.116,6.557,4.857,3.485,2.258,0.97,-0.358,-0.925,-1.321,3.4326,0.2926,-0.6592
2017-07-18,13.629,8.746,17.208,17.477,14.315,8.501,5.734,3.841,2.445,1.136,-0.315,-0.891,-1.288,3.6315,0.4529,-0.6185
2017-07-19,13.772,9.415,16.429,16.679,14.2,9.079,6.476,4.501,2.986,1.529,-0.256,-0.849,-1.247,4.1205,0.678,-0.5871
2017-07-20,6.741,7.329,7.416,7.481,7.243,7.269,6.294,4.779,3.334,1.875,-0.166,-0.788,-1.211,4.2517,0.8873,-0.5635
2017-07-21,5.18,5.035,8.087,8.396,6.855,5.064,4.382,3.601,2.727,1.689,-0.034,-0.744,-1.181,3.4148,0.8825,-0.5307
2017-07-22,9.167,6.445,10.199,10.296,9.123,6.268,4.624,3.436,2.483,1.541,0.107,-0.685,-1.133,3.2711,0.8717,-0.4909
2017-07-23,8.506,6.056,8.714,8.754,8.276,5.894,4.54,3.476,2.558,1.643,0.266,-0.622,-1.087,3.1638,0.9351,-0.4594
2017-07-24,11.438,8.216,11.692,11.74,10.99,7.833,5.639,4.012,2.83,1.8,0.401,-0.575,-1.052,3.639,1.0464,-0.423
2017-07-25,6.892,6.673,9.932,10.187,8.71,6.532,5.363,4.198,3.151,2.114,0.604,-0.535,-1.006,3.9598,1.2869,-0.3965
2017-07-26,6.573,6.407,9.877,10.152,8.828,6.302,5.104,4.029,3.082,2.127,0.701,-0.5,-0.979,3.8725,1.3631,-0.3697
2017-07-27,8.347,6.455,11.419,11.634,9.711,6.348,4.923,3.881,3.003,2.111,0.755,-0.467,-0.954,3.7642,1.4068,-0.338
2017-07-28,13.769,8.662,17.213,17.298,14.298,8.407,5.898,4.321,3.224,2.234,0.846,-0.436,-0.928,4.077,1.5246,-0.3038
2017-07-29,16.966,10.262,19.703,19.485,16.527,9.902,7.075,5.181,3.87,2.684,1.079,-0.413,-0.895,4.7178,1.82,-0.2742
2017-07-30,8.214,8.825,9.704,9.873,9.486,8.711,7.408,5.796,4.465,3.172,1.374,-0.385,-0.865,5.1807,2.1427,-0.2607
2017-07-31,13.815,8.621,16.468,16.44,14.008,8.304,6.309,5.084,4.126,3.096,1.48,-0.356,-0.843,4.6932,2.1768,-0.2242
2017-08-01,15.794,10.372,16.301,16.344,14.683,10.022,7.531,5.69,4.402,3.205,1.542,-0.321,-0.815,5.1219,2.2558,-0.1912
2017-08-02,13.776,10.013,14.798,14.786,13.338,9.682,7.543,5.907,4.678,3.478,1.752,-0.281,-0.794,5.3208,2.4747,-0.159
2017-08-03,8.058,8.346,8.604,8.703,8.61,8.238,7.215,5.918,4.776,3.611,1.898,-0.245,-0.769,5.2752,2.5886,-0.1178
2017-08-04,8.606,7.243,11.053,11.059,9.5,7.128,6.018,5.128,4.287,3.359,1.867,-0.197,-0.745,4.685,2.476,-0.0635
2017-08-05,12.339,8.511,12.762,12.793,11.76,8.201,6.216,4.957,4.025,3.112,1.746,-0.158,-0.729,4.5693,2.3455,0.0071
2017-08-06,9.123,8.203,10.283,10.328,9.649,8.031,6.638,5.361,4.286,3.26,1.812,-0.102,-0.706,4.8293,2.4267,0.0621
2017-08-07,12.424,9.179,14.828,14.886,13.306,8.892,6.697,5.321,4.287,3.31,1.902,-0.043,-0.682,4.8531,2.4968,0.1246
2017-08-08,11.119,8.838,12.245,12.232,11.118,8.644,7.06,5.718,4.6,3.536,2.03,0.035,-0.665,5.184,2.6527,0.1957
2017-08-09,13.093,9.63,13.924,13.912,12.654,9.365,7.369,5.884,4.738,3.671,2.155,0.106,-0.641,5.3923,2.7831,0.2691
2017-08-10,8.811,8.024,11.092,11.185,10.102,7.93,6.852,5.794,4.805,3.79,2.276,0.196,-0.623,5.3558,2.898,0.3427
2017-08-11,10.239,8.484,10.31,10.344,9.906,8.336,6.959,5.728,4.707,3.723,2.274,0.257,-0.601,5.2508,2.862,0.4
2017-08-12,4.99,6.007,5.496,5.635,5.632,6.026,5.863,5.222,4.47,3.618,2.27,0.313,-0.584,4.8626,2.8037,0.4448
2017-08-13,3.44,4.317,3.578,3.65,3.714,4.384,4.543,4.244,3.769,3.146,2.052,0.328,-0.579,4.0679,2.5108,0.4465
2017-08-14,3.103,3.513,3.177,3.225,3.273,3.561,3.598,3.38,3.043,2.576,1.718,0.281,-0.546,3.3171,2.1089,0.3988
2017-08-15,4.125,4.184,5.095,5.139,4.808,4.057,3.441,2.966,2.574,2.14,1.416,0.224,-0.543,2.8982,1.771,0.3447
2017-08-16,5.782,4.962,7.371,7.45,6.266,4.814,3.899,3.172,2.61,2.073,1.306,0.195,-0.526,3.1014,1.7037,0.3264
2017-08-17,5.855,5.387,6.921,7.011,6.463,5.285,4.46,3.61,2.908,2.259,1.387,0.222,-0.511,3.6032,1.8646,0.3586
2017-08-18,6.747,6.044,9.216,9.225,7.989,5.899,4.765,3.838,3.124,2.459,1.532,0.266,-0.506,3.8664,2.063,0.4195
2017-08-19,4.829,5.283,5.578,5.666,5.461,5.262,4.803,4.077,3.382,2.685,1.685,0.332,-0.496,4.1911,2.2684,0.4781
2017-08-20,5.11,4.867,5.917,6.013,5.573,4.852,4.373,3.805,3.251,2.656,1.727,0.374,-0.471,3.957,2.3033,0.5235
2017-08-21,6.183,5.391,8.423,8.388,7.272,5.32,4.406,3.707,3.136,2.562,1.685,0.382,-0.473,3.8441,2.2348,0.5316
2017-08-22,5.995,5.585,7.82,7.966,7.059,5.549,4.697,3.911,3.252,2.616,1.699,0.398,-0.464,4.0169,2.2593,0.5464
2017-08-23,6.195,5.85,7.091,7.175,6.877,5.797,4.937,4.099,3.4,2.729,1.768,0.437,-0.451,4.1874,2.3483,0.5815
2017-08-24,5.133,5.378,6.263,6.338,5.884,5.386,4.846,4.138,3.482,2.815,1.846,0.477,-0.433,4.2315,2.4209,0.6152
2017-08-25,4.242,4.6,5.067,5.194,4.881,4.636,4.346,3.863,3.349,2.767,1.864,0.509,-0.429,4.0478,2.4122,0.6347
2017-08-26,3.997,4.249,4.242,4.353,4.307,4.272,4.029,3.598,3.135,2.613,1.778,0.497,-0.429,3.7951,2.3021,0.6227
2017-08-27,4.283,4.248,5.44,5.517,4.975,4.236,3.786,3.335,2.907,2.431,1.666,0.472,-0.428,3.5088,2.1574,0.5963
2017-08-28,3.125,4.132,3.306,3.37,3.504,4.116,3.865,3.358,2.866,2.355,1.588,0.443,-0.422,3.4386,2.058,0.5695
2017-08-29,1.793,3.071,2.753,2.692,2.4,3.117,3.19,2.966,2.636,2.219,1.526,0.438,-0.407,2.9698,1.925,0.5499
2017-08-30,1.923,2.661,1.966,2.09,1.975,2.726,2.859,2.634,2.329,1.963,1.362,0.381,-0.394,2.6654,1.7055,0.4933
2017-08-31,1.346,1.969,1.588,1.686,1.688,2.034,2.211,2.148,1.967,1.692,1.194,0.329,-0.385,2.3042,1.517,0.4425
2017-09-01,2.716,2.714,4.26,4.358,3.639,2.703,2.269,1.961,1.714,1.444,1.011,0.261,-0.389,2.0982,1.3238,0.3851
2017-09-02,3.468,3.284,4.164,4.267,3.963,3.266,2.744,2.249,1.849,1.477,0.973,0.227,-0.389,2.3972,1.3307,0.3659
2017-09-03,6.882,4.149,8.534,8.42,6.318,4.068,3.138,2.495,2.033,1.612,1.052,0.261,-0.376,2.6045,1.4522,0.4028
2017-09-04,4.277,4.093,4.545,4.666,4.496,4.076,3.53,2.893,2.353,1.85,1.188,0.308,-0.359,2.9027,1.6092,0.4445
2017-09-05,2.909,3.696,4.232,4.297,3.889,3.713,3.341,2.851,2.402,1.942,1.284,0.356,-0.356,2.9014,1.6998,0.4912
2017-09-06,2.857,3.034,2.948,2.985,2.991,3.081,2.956,2.643,2.292,1.899,1.291,0.368,-0.35,2.7564,1.6948,0.502
2017-09-07,3.632,3.627,4.244,4.294,4.142,3.566,2.979,2.501,2.133,1.765,1.219,0.36,-0.35,2.5148,1.5765,0.4853
2017-09-08,1.787,3.135,2.102,2.169,2.409,3.157,3.015,2.607,2.199,1.787,1.193,0.335,-0.345,2.5794,1.545,0.4639
2017-09-09,0.224,1.819,0.817,0.864,0.862,1.94,2.249,2.177,1.963,1.661,1.159,0.335,-0.344,2.2218,1.4647,0.4549
2017-09-10,-0.089,1.057,0.189,0.345,0.427,1.179,1.561,1.629,1.542,1.353,0.983,0.285,-0.342,1.811,1.2598,0.4036
2017-09-11,1.806,1.533,2.212,2.248,2.069,1.574,1.42,1.323,1.214,1.059,0.771,0.2,-0.348,1.575,1.0506,0.3339
2017-09-12,3.596,2.097,3.346,3.387,3.04,2.128,1.668,1.385,1.178,0.969,0.668,0.143,-0.335,1.5476,0.9585,0.2909
2017-09-13,10.841,4.851,10.999,11.009,8.824,4.662,2.913,1.976,1.46,1.09,0.68,0.141,-0.328,1.9185,1.0003,0.289
2017-09-14,8.762,5.752,8.967,8.969,7.785,5.612,4.211,3.065,2.267,1.645,0.965,0.224,-0.324,2.8282,1.3546,0.3668
2017-09-15,7.627,5.521,8.011,7.991,7.203,5.426,4.367,3.453,2.739,2.109,1.324,0.378,-0.321,3.2902,1.7644,0.5123
2017-09-16,3.371,4.55,4.527,4.574,4.275,4.551,4.219,3.571,2.954,2.356,1.543,0.486,-0.314,3.5083,1.9985,0.6144
2017-09-17,1.191,2.744,1.678,1.757,1.91,2.809,3.118,2.982,2.673,2.265,1.581,0.535,-0.31,3.146,2.0217,0.6597
2017-09-18,1.051,1.904,2.119,2.183,1.85,2,2.211,2.237,2.116,1.877,1.386,0.487,-0.307,2.5063,1.7715,0.6147
2017-09-19,1.95,2.154,2.097,2.125,2.127,2.226,2.131,1.95,1.762,1.53,1.124,0.381,-0.31,2.1303,1.4635,0.5123
2017-09-20,1.136,1.561,1.121,1.193,1.139,1.651,1.8,1.721,1.563,1.343,0.969,0.309,-0.306,1.8944,1.2821,0.4398
2017-09-21,0.821,0.91,0.883,0.96,0.724,1.007,1.283,1.332,1.264,1.113,0.819,0.248,-0.303,1.5624,1.1034,0.38
2017-09-22,1.111,0.868,1.243,1.299,1.169,0.946,0.987,0.998,0.953,0.85,0.637,0.173,-0.294,1.2589,0.9014,0.3115
2017-09-23,1.746,1.445,1.905,1.95,1.845,1.503,1.25,1.039,0.881,0.722,0.51,0.111,-0.278,1.201,0.769,0.2505
2017-09-24,1.427,1.53,1.775,1.845,1.805,1.588,1.356,1.124,0.926,0.742,0.484,0.078,-0.274,1.256,0.7529,0.2327
2017-09-25,0.373,1.091,0.369,0.394,0.584,1.173,1.224,1.097,0.939,0.75,0.5,0.081,-0.275,1.2757,0.7715,0.2347
2017-09-26,-0.239,0.148,-0.526,-0.485,-0.437,0.298,0.661,0.767,0.743,0.646,0.461,0.075,-0.284,0.9949,0.7094,0.2232
2017-09-27,-0.944,-0.097,-1.315,-1.21,-1.201,0.005,0.279,0.4,0.435,0.407,0.315,0.033,-0.288,0.6292,0.5248,0.1708
2017-09-28,-2.15,-0.187,-2.512,-2.363,-1.716,-0.11,0.087,0.176,0.212,0.201,0.16,-0.046,-0.296,0.4086,0.351,0.1039
2017-09-29,-1.437,-0.215,-1.73,-1.653,-1.448,-0.143,-0.005,0.047,0.069,0.06,0.042,-0.1,-0.301,0.2532,0.2238,0.0515
2017-09-30,-0.532,-0.233,-0.387,-0.306,-0.566,-0.15,-0.066,-0.029,-0.019,-0.029,-0.033,-0.145,-0.302,0.1513,0.1372,0.0177
2017-10-01,1.908,-0.238,1.948,1.931,1.362,-0.098,-0.083,-0.078,-0.077,-0.085,-0.083,-0.157,-0.306,0.0909,0.0835,-0.0033
2017-10-02,0.444,-0.235,0.301,0.304,0.222,-0.118,-0.113,-0.11,-0.105,-0.115,-0.115,-0.18,-0.305,0.0537,0.0495,-0.0211
2017-10-03,0.025,-0.234,0.316,0.339,0.248,-0.11,-0.117,-0.113,-0.121,-0.14,-0.119,-0.191,-0.304,0.0338,0.0279,-0.0253
2017-10-04,-0.681,-0.232,-0.361,-0.328,-0.322,-0.13,-0.116,-0.112,-0.12,-0.15,-0.143,-0.19,-0.302,0.0256,0.0137,-0.0317
2017-10-05,1.022,-0.233,1.406,1.361,0.905,-0.102,-0.12,-0.116,-0.126,-0.154,-0.153,-0.193,-0.306,0.0238,0.0121,-0.0299
2017-10-06,0.436,-0.233,0.373,0.343,0.233,-0.117,-0.118,-0.118,-0.141,-0.151,-0.156,-0.191,-0.304,0.0128,0.0105,-0.0307
2017-10-07,-0.685,-0.231,-0.577,-0.575,-0.55,-0.124,-0.115,-0.128,-0.153,-0.149,-0.153,-0.189,-0.304,0.0027,0.0034,-0.0377
2017-10-08,-1.368,-0.23,-1.295,-1.253,-0.889,-0.135,-0.114,-0.139,-0.155,-0.148,-0.152,-0.188,-0.318,0.0042,0.0006,-0.0397
2017-10-09,-1.391,-0.232,-1.306,-1.188,-0.794,-0.13,-0.117,-0.141,-0.158,-0.153,-0.154,-0.19,-0.331,-0.0034,-0.0049,-0.0429
2017-10-10,-4.137,-0.223,-4.402,-4.132,-2.605,-0.185,-0.133,-0.14,-0.148,-0.169,-0.145,-0.191,-0.331,-0.0049,-0.007,-0.044
2017-10-11,-2.151,-0.232,-1.93,-1.81,-1.125,-0.172,-0.138,-0.146,-0.154,-0.167,-0.15,-0.186,-0.337,-0.0031,-0.0053,-0.0415
2017-10-12,-3.648,-0.314,-3.571,-3.37,-2.425,-0.252,-0.147,-0.143,-0.151,-0.18,-0.148,-0.196,-0.334,-0.0126,-0.0082,-0.0434
2017-10-13,-2.24,-0.335,-1.9,-1.859,-1.389,-0.252,-0.151,-0.146,-0.154,-0.184,-0.151,-0.188,-0.337,-0.0172,-0.0119,-0.0425
2017-10-14,-3.582,-0.6,-3.722,-3.648,-3.025,-0.498,-0.147,-0.143,-0.151,-0.181,-0.147,-0.194,-0.333,-0.0245,-0.0168,-0.0488
2017-10-15,-5.398,-0.809,-5.356,-5.236,-3.76,-0.694,-0.145,-0.157,-0.15,-0.179,-0.151,-0.211,-0.331,-0.0322,-0.0232,-0.0481
2017-10-16,-7.994,-1.413,-7.83,-7.702,-5.53,-1.079,-0.17,-0.172,-0.172,-0.172,-0.171,-0.212,-0.328,-0.044,-0.0296,-0.0531
2017-10-17,-9.053,-0.819,-7.205,-5.15,-2.041,-0.624,-0.172,-0.167,-0.175,-0.176,-0.171,-0.207,-0.337,-0.0495,-0.0343,-0.0573
2017-10-18,-7.32,-0.66,-6.209,-4.686,-1.939,-0.5,-0.174,-0.17,-0.178,-0.187,-0.174,-0.21,-0.361,-0.0475,-0.0327,-0.0559
2017-10-19,-15.77,-0.684,-12.45,-7.76,-2.164,-0.52,-0.176,-0.166,-0.174,-0.195,-0.168,-0.201,-0.352,-0.0567,-0.042,-0.0647
2017-10-20,-16.217,-0.972,-10.474,-6.697,-2.476,-0.732,-0.19,-0.181,-0.189,-0.19,-0.186,-0.221,-0.372,-0.06,-0.043,-0.0622
2017-10-21,-16.112,-0.811,-11.724,-7.276,-2.101,-0.627,-0.227,-0.185,-0.193,-0.199,-0.19,-0.225,-0.377,-0.0587,-0.042,-0.0629
2017-10-22,-18.471,-0.746,-12.513,-7.736,-2.194,-0.609,-0.222,-0.181,-0.187,-0.212,-0.184,-0.219,-0.37,-0.0625,-0.0467,-0.0673
2017-10-23,-15.548,-0.799,-9.042,-5.297,-2.102,-0.725,-0.248,-0.185,-0.193,-0.209,-0.189,-0.225,-0.376,-0.0642,-0.0467,-0.0658
2017-10-24,-17.345,-0.86,-12.388,-7.684,-2.408,-0.762,-0.279,-0.183,-0.186,-0.213,-0.182,-0.217,-0.369,-0.0664,-0.0503,-0.0691
2017-10-25,-19.188,-1.035,-15.188,-10.063,-3.277,-0.897,-0.319,-0.205,-0.189,-0.21,-0.177,-0.212,-0.364,-0.0685,-0.0523,-0.0726
2017-10-26,-5.341,-1.347,-5.379,-5.07,-3.811,-1.347,-0.446,-0.208,-0.208,-0.208,-0.181,-0.212,-0.372,-0.0565,-0.0399,-0.06
2017-10-27,-3.25,-1.017,-2.965,-2.66,-2.057,-0.963,-0.449,-0.217,-0.201,-0.217,-0.183,-0.219,-0.37,-0.0516,-0.036,-0.0567
2017-10-28,-6.162,-0.82,-5.226,-3.837,-1.742,-0.727,-0.402,-0.207,-0.21,-0.207,-0.182,-0.211,-0.381,-0.0558,-0.0405,-0.0632
2017-10-29,-10.102,-0.966,-9.963,-6.74,-2.361,-0.797,-0.409,-0.207,-0.204,-0.211,-0.19,-0.224,-0.382,-0.0633,-0.0472,-0.068
2017-10-30,-6.332,-0.92,-5.921,-4.549,-1.908,-0.796,-0.448,-0.211,-0.214,-0.211,-0.185,-0.218,-0.388,-0.057,-0.0425,-0.065
2017-10-31,-5.079,-0.836,-4.307,-3.15,-1.552,-0.664,-0.408,-0.213,-0.219,-0.211,-0.18,-0.215,-0.394,-0.0566,-0.0426,-0.0641
2017-11-01,-5.232,-0.782,-4.868,-3.388,-1.426,-0.605,-0.386,-0.226,-0.218,-0.212,-0.187,-0.223,-0.389,-0.0579,-0.0449,-0.0669
2017-11-02,-2.31,-0.881,-2.992,-2.666,-1.51,-0.703,-0.431,-0.229,-0.214,-0.217,-0.188,-0.224,-0.388,-0.0557,-0.0419,-0.0627
2017-11-03,-0.392,-0.549,-0.597,-0.57,-0.49,-0.449,-0.363,-0.225,-0.206,-0.225,-0.191,-0.226,-0.379,-0.0568,-0.0406,-0.0581
2017-11-04,-3.78,-0.522,-3.218,-2.414,-0.969,-0.43,-0.334,-0.232,-0.218,-0.215,-0.181,-0.219,-0.393,-0.056,-0.0421,-0.0685
2017-11-05,-5.652,-0.632,-4.478,-3.543,-1.449,-0.522,-0.345,-0.248,-0.219,-0.211,-0.177,-0.219,-0.402,-0.0603,-0.0439,-0.0745
2017-11-06,-10.602,-0.66,-5.758,-4.353,-1.653,-0.546,-0.356,-0.237,-0.207,-0.21,-0.186,-0.233,-0.39,-0.062,-0.0507,-0.0772
2017-11-07,-5.34,-0.729,-5.085,-3.968,-1.648,-0.609,-0.386,-0.245,-0.215,-0.207,-0.18,-0.235,-0.398,-0.0565,-0.0456,-0.0721
2017-11-08,-6.727,-0.693,-4.256,-3.161,-1.358,-0.571,-0.37,-0.243,-0.214,-0.205,-0.179,-0.239,-0.397,-0.0588,-0.0456,-0.0757
2017-11-09,-5.521,-0.72,-4.567,-3.444,-1.478,-0.585,-0.39,-0.247,-0.217,-0.209,-0.175,-0.244,-0.4,-0.0597,-0.044,-0.0775
2017-11-10,-7.315,-0.833,-5.521,-4.266,-1.831,-0.683,-0.415,-0.243,-0.213,-0.205,-0.172,-0.245,-0.396,-0.0568,-0.0458,-0.0767
2017-11-11,-8.196,-0.842,-6.048,-4.35,-1.769,-0.693,-0.434,-0.245,-0.209,-0.202,-0.18,-0.24,-0.392,-0.0629,-0.049,-0.0817
2017-11-12,-3.348,-0.761,-2.912,-2.358,-1.216,-0.631,-0.433,-0.251,-0.221,-0.213,-0.18,-0.243,-0.404,-0.0522,-0.0407,-0.0748
2017-11-13,-6.119,-0.662,-3.865,-3.057,-1.308,-0.545,-0.402,-0.251,-0.218,-0.21,-0.178,-0.246,-0.401,-0.058,-0.0438,-0.0805
2017-11-14,-12.681,-0.719,-5.505,-4.174,-1.652,-0.594,-0.399,-0.265,-0.21,-0.205,-0.188,-0.236,-0.394,-0.0685,-0.0522,-0.0881
2017-11-15,-14.195,-0.915,-6.913,-5.232,-2.135,-0.725,-0.433,-0.262,-0.215,-0.218,-0.19,-0.238,-0.401,-0.0698,-0.0527,-0.0904
2017-11-16,-11.214,-1.13,-8.417,-6.839,-2.82,-0.961,-0.532,-0.269,-0.208,-0.217,-0.197,-0.233,-0.395,-0.0669,-0.0485,-0.0899
2017-11-17,-12.155,-1.214,-8.729,-7.146,-3.001,-1.065,-0.61,-0.294,-0.22,-0.226,-0.198,-0.234,-0.405,-0.0682,-0.0487,-0.0925
2017-11-18,-14.4,-1,-6.764,-5.261,-2.217,-0.873,-0.574,-0.303,-0.232,-0.226,-0.193,-0.239,-0.416,-0.0694,-0.051,-0.0942
2017-11-19,-16.787,-1.255,-11.406,-8.73,-3.103,-1.088,-0.625,-0.304,-0.229,-0.221,-0.187,-0.257,-0.412,-0.0751,-0.0553,-0.097
2017-11-20,-20.964,-1.284,-10.627,-7.9,-3.079,-1.131,-0.693,-0.339,-0.231,-0.222,-0.189,-0.254,-0.414,-0.0805,-0.0602,-0.1033
2017-11-21,-18.683,-1.76,-14.516,-11.443,-4.64,-1.597,-0.87,-0.375,-0.232,-0.217,-0.186,-0.253,-0.413,-0.0766,-0.0567,-0.1014
2017-11-22,-13.981,-1.66,-10.704,-8.598,-3.768,-1.522,-0.96,-0.443,-0.233,-0.225,-0.191,-0.265,-0.416,-0.0732,-0.0522,-0.0972
2017-11-23,-12.23,-1.478,-9.892,-8.135,-3.635,-1.368,-0.872,-0.459,-0.238,-0.229,-0.196,-0.268,-0.421,-0.0725,-0.0507,-0.0976
2017-11-24,-8.668,-1.385,-7.661,-6.325,-2.823,-1.245,-0.848,-0.469,-0.248,-0.239,-0.206,-0.262,-0.431,-0.0703,-0.0497,-0.096
2017-11-25,-20.562,-1.28,-9.098,-6.871,-2.791,-1.135,-0.772,-0.454,-0.242,-0.228,-0.193,-0.261,-0.418,-0.0839,-0.0618,-0.11
2017-11-26,-25.464,-1.599,-12.638,-9.424,-3.69,-1.397,-0.89,-0.485,-0.243,-0.235,-0.201,-0.265,-0.426,-0.0885,-0.0656,-0.1132
2017-11-27,-26.35,-1.649,-11.94,-8.978,-3.607,-1.47,-0.978,-0.527,-0.247,-0.233,-0.199,-0.265,-0.423,-0.0905,-0.0679,-0.1154
2017-11-28,-17.555,-1.88,-12.235,-9.765,-3.943,-1.648,-1.066,-0.581,-0.258,-0.241,-0.202,-0.259,-0.429,-0.085,-0.0605,-0.1082
2017-11-29,-13.782,-2.221,-11.227,-9.399,-4.163,-1.975,-1.297,-0.696,-0.274,-0.239,-0.193,-0.266,-0.418,-0.0847,-0.0588,-0.1055
2017-11-30,-15.758,-1.69,-8.77,-6.906,-3.095,-1.53,-1.115,-0.697,-0.304,-0.254,-0.197,-0.263,-0.423,-0.0885,-0.0622,-0.1101
2017-12-01,-17.64,-1.525,-8.771,-6.821,-2.97,-1.374,-1.005,-0.678,-0.312,-0.255,-0.209,-0.259,-0.437,-0.0947,-0.0662,-0.1156
2017-12-02,-15.955,-1.914,-11.371,-9.401,-4.144,-1.692,-1.123,-0.698,-0.341,-0.257,-0.207,-0.262,-0.432,-0.0989,-0.0665,-0.1138
2017-12-03,-13.56,-2.855,-13.221,-12.327,-6.313,-2.597,-1.656,-0.935,-0.368,-0.265,-0.201,-0.267,-0.422,-0.1087,-0.0674,-0.1144
2017-12-04,-14.373,-3.152,-13.684,-12.331,-5.506,-2.77,-1.9,-1.144,-0.446,-0.262,-0.212,-0.264,-0.428,-0.1278,-0.069,-0.1175
2017-12-05,-13.521,-2.494,-9.893,-8.068,-3.986,-2.268,-1.731,-1.169,-0.526,-0.264,-0.218,-0.266,-0.425,-0.1489,-0.07,-0.1198
2017-12-06,-14.612,-2.061,-9.345,-7.368,-3.326,-1.857,-1.428,-1.016,-0.532,-0.266,-0.22,-0.269,-0.432,-0.1776,-0.0707,-0.1182
2017-12-07,-13.062,-2.128,-9.424,-7.73,-3.591,-1.923,-1.466,-1.04,-0.565,-0.273,-0.227,-0.268,-0.424,-0.2084,-0.073,-0.1206
2017-12-08,-13.82,-3.039,-12.79,-11.145,-5.379,-2.697,-1.906,-1.251,-0.642,-0.302,-0.23,-0.265,-0.433,-0.2335,-0.0755,-0.1232
2017-12-09,-14.007,-2.839,-11.303,-9.521,-4.746,-2.581,-1.982,-1.412,-0.797,-0.323,-0.229,-0.264,-0.435,-0.2597,-0.0754,-0.1249
2017-12-10,-15.03,-2.92,-12.691,-11.096,-5.054,-2.584,-1.924,-1.382,-0.863,-0.379,-0.228,-0.266,-0.446,-0.29,-0.0749,-0.1238
2017-12-11,-14.015,-3.479,-12.288,-10.418,-5.316,-3.147,-2.417,-1.731,-1.067,-0.454,-0.231,-0.267,-0.445,-0.3347,-0.0777,-0.13
2017-12-12,-13.433,-2.74,-10.142,-7.777,-3.817,-2.546,-2.083,-1.62,-1.112,-0.527,-0.23,-0.267,-0.441,-0.4105,-0.0811,-0.1326
2017-12-13,-11.705,-2.731,-9.904,-7.968,-3.921,-2.515,-2.034,-1.579,-1.109,-0.571,-0.237,-0.272,-0.431,-0.4784,-0.0827,-0.1289
2017-12-14,-12.305,-2.984,-10.757,-8.939,-4.469,-2.739,-2.189,-1.681,-1.176,-0.623,-0.233,-0.27,-0.435,-0.544,-0.0828,-0.1323
2017-12-15,-15.019,-2.953,-12.084,-9.705,-4.614,-2.722,-2.174,-1.692,-1.206,-0.668,-0.225,-0.282,-0.447,-0.6545,-0.0895,-0.1342
2017-12-16,-15.714,-3.672,-14.079,-11.807,-5.795,-3.346,-2.606,-1.962,-1.364,-0.743,-0.235,-0.292,-0.451,-0.814,-0.0939,-0.135
2017-12-17,-20.4,-4.032,-16.072,-12.86,-6.21,-3.706,-2.954,-2.265,-1.594,-0.875,-0.252,-0.288,-0.44,-1.074,-0.0986,-0.1445
2017-12-18,-21.398,-3.914,-16.116,-12.55,-6.245,-3.721,-3.018,-2.376,-1.729,-0.992,-0.249,-0.284,-0.435,-1.4287,-0.1037,-0.1461
2017-12-19,-15.765,-3.611,-12.952,-10.628,-5.619,-3.44,-2.87,-2.321,-1.744,-1.069,-0.263,-0.297,-0.449,-1.7017,-0.101,-0.1435
2017-12-20,-6.909,-2.921,-7.38,-6.351,-3.961,-2.78,-2.428,-2.046,-1.602,-1.045,-0.273,-0.285,-0.436,-1.6994,-0.0957,-0.1389
2017-12-21,-1.943,-2.288,-3.718,-3.495,-2.677,-2.163,-1.958,-1.701,-1.378,-0.95,-0.284,-0.293,-0.444,-1.4983,-0.0912,-0.1338
2017-12-22,-9.176,-2.127,-7.513,-6.074,-3.246,-1.955,-1.694,-1.453,-1.194,-0.86,-0.28,-0.282,-0.429,-1.2966,-0.1033,-0.1467
2017-12-23,-13.305,-2.301,-10.083,-7.928,-3.927,-2.106,-1.742,-1.45,-1.168,-0.84,-0.303,-0.297,-0.442,-1.3024,-0.1131,-0.1539
2017-12-24,-19.043,-2.934,-14.633,-11.317,-5.419,-2.667,-2.098,-1.669,-1.283,-0.886,-0.323,-0.292,-0.44,-1.4899,-0.1225,-0.1615
2017-12-25,-20.181,-3.499,-16.232,-12.668,-6.204,-3.204,-2.545,-2.014,-1.524,-1.019,-0.326,-0.309,-0.436,-1.8392,-0.1311,-0.1681
2017-12-26,-10.223,-3.581,-10.626,-9.236,-5.439,-3.337,-2.788,-2.267,-1.741,-1.169,-0.361,-0.31,-0.452,-2.1193,-0.1297,-0.1578
2017-12-27,-10.145,-2.776,-7.531,-6.348,-3.826,-2.604,-2.3,-1.987,-1.621,-1.168,-0.412,-0.314,-0.461,-1.9355,-0.1438,-0.1628
2017-12-28,-13.97,-2.78,-9.786,-8.083,-4.368,-2.566,-2.192,-1.866,-1.518,-1.115,-0.447,-0.304,-0.455,-1.7571,-0.163,-0.169
2017-12-29,-18.955,-2.863,-10.553,-8.615,-4.594,-2.644,-2.229,-1.877,-1.523,-1.124,-0.473,-0.323,-0.45,-1.7646,-0.1848,-0.1778
2017-12-30,-22.569,-3.103,-12.215,-9.825,-5.109,-2.857,-2.386,-1.989,-1.601,-1.178,-0.506,-0.325,-0.454,-1.8767,-0.2098,-0.1875
2017-12-31,-21.351,-3.782,-14.555,-11.879,-6.337,-3.472,-2.825,-2.292,-1.795,-1.286,-0.557,-0.329,-0.463,-2.109,-0.236,-0.187
2018-01-01,-15.921,-4.462,-14.854,-13.418,-7.548,-4.133,-3.318,-2.658,-2.058,-1.461,-0.625,-0.336,-0.452,-2.3581,-0.2667,-0.188
2018-01-02,-18.113,-4.549,-14.555,-12.353,-6.851,-4.286,-3.619,-2.999,-2.38,-1.712,-0.736,-0.35,-0.463,-2.5579,-0.3238,-0.1946
2018-01-03,-17.485,-4.029,-13.38,-10.89,-6.099,-3.826,-3.313,-2.837,-2.335,-1.777,-0.862,-0.371,-0.48,-2.6255,-0.3835,-0.1976
2018-01-04,-14.406,-3.689,-11.094,-9.251,-5.386,-3.51,-3.09,-2.692,-2.267,-1.778,-0.96,-0.392,-0.478,-2.573,-0.4417,-0.2018
2018-01-05,-16.093,-3.416,-10.269,-8.613,-4.916,-3.233,-2.864,-2.526,-2.162,-1.74,-1.027,-0.425,-0.488,-2.4094,-0.4951,-0.2061
2018-01-06,-23.34,-4.176,-19.289,-15.941,-7.111,-3.928,-3.24,-2.717,-2.254,-1.788,-1.073,-0.473,-0.48,-2.4335,-0.541,-0.2214
2018-01-07,-28.327,-5.667,-25.038,-20.76,-9.781,-5.379,-4.36,-3.547,-2.831,-2.144,-1.202,-0.53,-0.495,-3.0822,-0.6139,-0.2303
2018-01-08,-24.518,-6.887,-24.076,-21.537,-11.576,-6.583,-5.402,-4.434,-3.555,-2.686,-1.476,-0.614,-0.505,-3.8948,-0.7585,-0.2389
2018-01-09,-27.479,-6.803,-22.443,-18.617,-10.793,-6.602,-5.698,-4.89,-4.078,-3.19,-1.858,-0.75,-0.526,-4.5566,-1.0006,-0.2551
2018-01-10,-31.65,-6.76,-23.273,-18.839,-10.743,-6.467,-5.607,-4.868,-4.141,-3.352,-2.125,-0.937,-0.567,-4.6543,-1.235,-0.2871
2018-01-11,-26.083,-6.479,-18.694,-15.589,-9.5,-6.247,-5.57,-4.936,-4.283,-3.534,-2.348,-1.142,-0.653,-4.8332,-1.4737,-0.3653
2018-01-12,-28.568,-6.27,-19.509,-16.092,-9.515,-6.051,-5.388,-4.816,-4.23,-3.57,-2.504,-1.361,-0.8,-4.754,-1.6973,-0.5245
2018-01-13,-21.347,-6.662,-19.955,-17.372,-10.326,-6.472,-5.708,-5.06,-4.422,-3.743,-2.678,-1.6,-1.011,-4.9373,-1.9198,-0.7381
2018-01-14,-12.972,-6.152,-13.626,-12.005,-8.188,-5.98,-5.489,-5.002,-4.477,-3.872,-2.891,-1.865,-1.247,-4.9327,-2.1672,-1.0151
2018-01-15,-18.156,-5.58,-15.148,-12.598,-7.902,-5.413,-4.97,-4.592,-4.198,-3.738,-2.963,-2.086,-1.484,-4.5387,-2.3456,-1.3677
2018-01-16,-19.079,-5.778,-16.04,-13.267,-8.303,-5.58,-5.085,-4.662,-4.24,-3.779,-3.032,-2.246,-1.681,-4.594,-2.5318,-1.7005
2018-01-17,-10.204,-5.81,-11.214,-10.367,-7.408,-5.628,-5.211,-4.812,-4.392,-3.929,-3.177,-2.408,-1.849,-4.7461,-2.7647,-1.9854
2018-01-18,-13.132,-5.006,-8.991,-7.978,-5.927,-4.876,-4.657,-4.425,-4.154,-3.827,-3.239,-2.551,-2.006,-4.4192,-2.9207,-2.2339
2018-01-19,-22.349,-5.511,-16.31,-14.585,-8.611,-5.293,-4.751,-4.382,-4.064,-3.732,-3.21,-2.619,-2.125,-4.2887,-2.9733,-2.3927
2018-01-20,-29.915,-7.653,-24.735,-21.789,-12.879,-7.418,-6.319,-5.51,-4.841,-4.233,-3.416,-2.73,-2.228,-4.8335,-3.1389,-2.5279
2018-01-21,-34.092,-8.397,-24.748,-19.937,-12.549,-8.166,-7.207,-6.408,-5.665,-4.93,-3.889,-2.996,-2.396,-5.8268,-3.5257,-2.7592
2018-01-22,-34.078,-8.958,-26.01,-21.009,-12.993,-8.689,-7.786,-7.011,-6.272,-5.51,-4.397,-3.363,-2.658,-6.7941,-4.0632,-3.1212
2018-01-23,-28.08,-8.997,-22.38,-19.328,-12.755,-8.746,-7.99,-7.335,-6.682,-5.966,-4.87,-3.768,-2.981,-7.3942,-4.6189,-3.5677
2018-01-24,-31.328,-9.091,-23.126,-19.902,-13.133,-8.829,-8.064,-7.435,-6.827,-6.179,-5.172,-4.117,-3.307,-7.5537,-5.016,-3.9825
2018-01-25,-29.003,-9.115,-21.247,-18.339,-12.424,-8.838,-8.176,-7.607,-7.037,-6.413,-5.444,-4.415,-3.604,-7.814,-5.3347,-4.3198
2018-01-26,-25.126,-9.021,-19.251,-16.898,-11.866,-8.776,-8.208,-7.692,-7.178,-6.602,-5.69,-4.693,-3.886,-7.9671,-5.6178,-4.6215
2018-01-27,-32.233,-8.963,-20.362,-17.045,-11.528,-8.689,-8.168,-7.705,-7.235,-6.71,-5.868,-4.928,-4.141,-7.9909,-5.8193,-4.8759
2018-01-28,-20,-9.382,-18.818,-16.531,-11.82,-9.117,-8.577,-8.067,-7.559,-6.992,-6.107,-5.157,-4.378,-8.3792,-6.0548,-5.0967
2018-01-29,-17.139,-8.442,-11.85,-11.033,-9.259,-8.282,-8.051,-7.773,-7.441,-7.024,-6.288,-5.395,-4.623,-8.0987,-6.23,-5.3324
2018-01-30,-21.348,-8.01,-12.504,-11.284,-8.982,-7.847,-7.624,-7.388,-7.125,-6.801,-6.226,-5.491,-4.801,-7.6237,-6.1642,-5.4222
2018-01-31,-19.749,-7.85,-12.273,-11.128,-8.85,-7.689,-7.466,-7.241,-6.997,-6.702,-6.172,-5.52,-4.901,-7.4508,-6.1112,-5.4475
2018-02-01,-18.02,-7.741,-11.768,-10.671,-8.604,-7.58,-7.377,-7.165,-6.934,-6.654,-6.177,-5.563,-4.985,-7.3263,-6.0795,-5.4655
2018-02-02,-16.758,-7.62,-11.258,-10.292,-8.407,-7.451,-7.27,-7.077,-6.868,-6.614,-6.176,-5.607,-5.062,-7.234,-6.0701,-5.4914
2018-02-03,-19.43,-7.531,-11.386,-10.299,-8.32,-7.363,-7.194,-7.004,-6.807,-6.571,-6.162,-5.636,-5.123,-7.137,-6.0525,-5.518
2018-02-04,-17.095,-7.573,-11.611,-10.628,-8.526,-7.404,-7.202,-7.027,-6.812,-6.578,-6.174,-5.667,-5.185,-7.1159,-6.049,-5.5364
2018-02-05,-26.902,-7.584,-12.149,-10.946,-8.601,-7.409,-7.211,-7.021,-6.822,-6.599,-6.189,-5.71,-5.24,-7.0735,-6.0634,-5.571
2018-02-06,-34.135,-7.965,-15.765,-13.701,-9.777,-7.775,-7.463,-7.206,-6.959,-6.69,-6.257,-5.765,-5.305,-7.228,-6.1063,-5.609
2018-02-07,-25.604,-8.466,-16.436,-14.216,-10.248,-8.266,-7.909,-7.597,-7.29,-6.958,-6.433,-5.884,-5.396,-7.6415,-6.2668,-5.7023
2018-02-08,-16.603,-8.443,-13.074,-11.722,-9.382,-8.247,-8.013,-7.762,-7.49,-7.171,-6.638,-6.047,-5.529,-7.9085,-6.4685,-5.856
2018-02-09,-17.713,-8.261,-12.345,-11.26,-9.15,-8.078,-7.886,-7.696,-7.47,-7.213,-6.733,-6.177,-5.659,-7.8536,-6.5883,-5.9987
2018-02-10,-16.575,-8.448,-14.072,-12.971,-9.94,-8.264,-7.978,-7.737,-7.498,-7.231,-6.779,-6.256,-5.758,-7.8696,-6.6308,-6.0765
2018-02-11,-13.029,-8.691,-14.278,-13.04,-10.178,-8.527,-8.232,-7.963,-7.689,-7.383,-6.893,-6.35,-5.854,-8.2275,-6.7797,-6.177
2018-02-12,-7.272,-8.133,-8.58,-8.596,-8.276,-7.996,-7.906,-7.767,-7.593,-7.366,-6.947,-6.433,-5.943,-7.9239,-6.8349,-6.2774
2018-02-13,-23.998,-7.87,-12.657,-11.264,-8.794,-7.705,-7.548,-7.421,-7.288,-7.128,-6.826,-6.409,-5.987,-7.4465,-6.6867,-6.2605
2018-02-14,-22.385,-8.671,-18.152,-15.703,-10.906,-8.482,-8.103,-7.801,-7.529,-7.253,-6.84,-6.405,-5.999,-7.8384,-6.6849,-6.2287
2018-02-15,-8.131,-8.825,-13.745,-12.658,-10.105,-8.655,-8.388,-8.123,-7.852,-7.539,-7.056,-6.53,-6.066,-8.2404,-6.8971,-6.3375
2018-02-16,-7.839,-8.334,-9.922,-9.614,-8.73,-8.186,-8.068,-7.916,-7.738,-7.516,-7.122,-6.627,-6.165,-7.9892,-6.9495,-6.4366
2018-02-17,-17.792,-7.935,-9.938,-9.375,-8.315,-7.789,-7.697,-7.592,-7.469,-7.313,-7.022,-6.627,-6.21,-7.603,-6.8538,-6.4363
2018-02-18,-14.802,-8,-11.597,-10.717,-8.853,-7.843,-7.677,-7.538,-7.381,-7.222,-6.927,-6.575,-6.203,-7.4438,-6.7363,-6.3725
2018-02-19,-10.364,-7.991,-10.93,-10.253,-8.697,-7.837,-7.685,-7.548,-7.39,-7.231,-6.933,-6.571,-6.203,-7.4248,-6.6958,-6.3357
2018-02-20,-4.495,-7.756,-8.793,-8.609,-8.001,-7.614,-7.536,-7.436,-7.318,-7.169,-6.902,-6.55,-6.192,-7.3171,-6.6599,-6.3178
2018-02-21,-6.531,-7.388,-7.383,-7.389,-7.311,-7.259,-7.237,-7.183,-7.111,-7.011,-6.8,-6.511,-6.179,-7.0754,-6.5753,-6.2806
2018-02-22,-8.714,-7.208,-8.146,-7.886,-7.343,-7.074,-7.027,-6.978,-6.917,-6.831,-6.664,-6.429,-6.144,-6.8555,-6.4505,-6.2055
2018-02-23,-14.848,-7.177,-8.55,-8.146,-7.428,-7.032,-6.971,-6.901,-6.829,-6.738,-6.572,-6.353,-6.093,-6.77,-6.3618,-6.1349
2018-02-24,-16.561,-7.374,-10.336,-9.535,-8.031,-7.203,-7.069,-6.955,-6.848,-6.727,-6.54,-6.298,-6.048,-6.802,-6.3195,-6.0838
2018-02-25,-16.44,-7.704,-10.734,-10.014,-8.568,-7.5,-7.31,-7.14,-6.989,-6.832,-6.576,-6.309,-6.026,-6.9273,-6.3462,-6.0809
2018-02-26,-17.674,-7.783,-11.619,-10.61,-8.667,-7.593,-7.419,-7.254,-7.107,-6.935,-6.657,-6.353,-6.061,-7.0491,-6.4102,-6.1202
2018-02-27,-20.539,-7.947,-12.619,-11.4,-9.026,-7.762,-7.562,-7.391,-7.227,-7.043,-6.74,-6.413,-6.106,-7.1942,-6.4913,-6.1777
2018-02-28,-30.717,-8.412,-15.54,-13.47,-9.989,-8.191,-7.896,-7.658,-7.444,-7.22,-6.868,-6.504,-6.168,-7.401,-6.5996,-6.2563
2018-03-01,-24.683,-9.044,-17.912,-15.416,-10.996,-8.824,-8.457,-8.146,-7.859,-7.558,-7.096,-6.644,-6.265,-7.818,-6.7704,-6.363
2018-03-02,-21.885,-9.373,-15.957,-14.238,-10.973,-9.144,-8.815,-8.514,-8.222,-7.899,-7.382,-6.854,-6.415,-8.1642,-7.0104,-6.5326
2018-03-03,-11.372,-9.298,-13.637,-12.601,-10.383,-9.094,-8.843,-8.61,-8.35,-8.072,-7.578,-7.04,-6.574,-8.26,-7.1735,-6.6912
2018-03-04,-9.466,-8.886,-10.758,-10.334,-9.33,-8.714,-8.585,-8.432,-8.261,-8.041,-7.645,-7.157,-6.701,-8.1637,-7.2538,-6.8063
2018-03-05,-9.434,-8.481,-9.668,-9.387,-8.717,-8.33,-8.253,-8.155,-8.036,-7.879,-7.576,-7.179,-6.766,-7.9325,-7.2304,-6.8485
2018-03-06,-8.524,-8.22,-9.112,-8.923,-8.397,-8.077,-8.019,-7.938,-7.843,-7.717,-7.468,-7.133,-6.769,-7.7337,-7.1552,-6.8295
2018-03-07,-13.899,-8.021,-9.515,-9.107,-8.299,-7.885,-7.817,-7.746,-7.667,-7.56,-7.352,-7.065,-6.759,-7.5677,-7.076,-6.7934
2018-03-08,-18.331,-8.177,-12.291,-11.22,-9.127,-8.019,-7.871,-7.744,-7.627,-7.5,-7.282,-7.006,-6.719,-7.544,-7.0163,-6.7486
2018-03-09,-16.39,-8.452,-12.994,-11.913,-9.58,-8.288,-8.094,-7.929,-7.771,-7.597,-7.316,-7.02,-6.704,-7.7245,-7.0468,-6.7465
2018-03-10,-18.236,-8.536,-12.355,-11.403,-9.446,-8.354,-8.199,-8.041,-7.881,-7.704,-7.401,-7.06,-6.736,-7.8669,-7.1306,-6.7981
2018-03-11,-19.862,-8.654,-13.376,-12.12,-9.738,-8.483,-8.289,-8.118,-7.954,-7.769,-7.459,-7.113,-6.782,-7.9486,-7.1956,-6.8557
2018-03-12,-20.023,-8.886,-14.085,-12.748,-10.083,-8.694,-8.479,-8.286,-8.099,-7.892,-7.553,-7.174,-6.827,-8.1013,-7.2762,-6.9158
2018-03-13,-18.622,-9.113,-14.582,-13.243,-10.451,-8.924,-8.69,-8.482,-8.276,-8.047,-7.673,-7.266,-6.896,-8.2758,-7.3795,-6.9921
2018-03-14,-17.397,-9.244,-14.418,-13.16,-10.502,-9.056,-8.835,-8.624,-8.42,-8.185,-7.8,-7.37,-6.979,-8.4283,-7.4949,-7.086
2018-03-15,-18.186,-9.298,-13.484,-12.417,-10.295,-9.115,-8.907,-8.712,-8.516,-8.284,-7.899,-7.467,-7.067,-8.51,-7.5962,-7.182
2018-03-16,-19.728,-9.33,-13.823,-12.685,-10.367,-9.145,-8.944,-8.755,-8.562,-8.343,-7.967,-7.539,-7.142,-8.5338,-7.6608,-7.2576
2018-03-17,-28.485,-9.444,-15.55,-13.905,-10.819,-9.263,-9.027,-8.823,-8.619,-8.394,-8.029,-7.603,-7.202,-8.6079,-7.728,-7.3238
2018-03-18,-27.611,-9.948,-18.872,-16.714,-12.278,-9.74,-9.376,-9.089,-8.829,-8.557,-8.132,-7.679,-7.28,-8.8571,-7.8305,-7.4009
2018-03-19,-19.924,-10.2,-16.972,-15.423,-12.002,-10.003,-9.685,-9.402,-9.118,-8.81,-8.325,-7.811,-7.373,-9.2008,-8.0132,-7.5252
2018-03-20,-18.827,-10.031,-14.477,-13.46,-11.16,-9.853,-9.635,-9.417,-9.175,-8.907,-8.466,-7.949,-7.487,-9.2771,-8.1658,-7.6671
2018-03-21,-23.25,-9.849,-14.035,-12.979,-10.832,-9.669,-9.495,-9.315,-9.128,-8.897,-8.495,-8.025,-7.58,-9.1946,-8.2275,-7.7648
2018-03-22,-23.304,-9.967,-15.288,-14.001,-11.316,-9.783,-9.545,-9.334,-9.13,-8.903,-8.53,-8.058,-7.633,-9.2096,-8.2571,-7.8147
2018-03-23,-21.235,-10.08,-15.283,-13.969,-11.338,-9.885,-9.649,-9.435,-9.223,-8.975,-8.581,-8.117,-7.692,-9.3042,-8.3204,-7.8736
2018-03-24,-21.047,-10.112,-15.176,-13.831,-11.268,-9.919,-9.707,-9.499,-9.283,-9.048,-8.649,-8.19,-7.761,-9.3771,-8.3921,-7.9405
2018-03-25,-20.879,-10.242,-15.753,-14.471,-11.649,-10.04,-9.797,-9.58,-9.36,-9.117,-8.715,-8.253,-7.82,-9.4842,-8.4729,-8.0136
2018-03-26,-21.175,-10.389,-16.282,-14.885,-11.885,-10.186,-9.931,-9.699,-9.474,-9.219,-8.803,-8.329,-7.886,-9.5838,-8.5629,-8.0946
2018-03-27,-19.765,-10.481,-15.925,-14.624,-11.853,-10.283,-10.033,-9.811,-9.582,-9.325,-8.894,-8.407,-7.962,-9.6817,-8.6487,-8.175
2018-03-28,-22.095,-10.502,-16.155,-14.742,-11.869,-10.308,-10.075,-9.864,-9.632,-9.391,-8.975,-8.485,-8.042,-9.7571,-8.7329,-8.2579
2018-03-29,-18.511,-10.664,-16.73,-15.224,-12.131,-10.483,-10.221,-9.98,-9.745,-9.482,-9.053,-8.558,-8.112,-9.9025,-8.8225,-8.3388
2018-03-30,-9.749,-10.552,-13.478,-12.875,-11.302,-10.383,-10.212,-10.016,-9.814,-9.567,-9.15,-8.642,-8.187,-9.9717,-8.9175,-8.4279
2018-03-31,-6.668,-10.066,-10.465,-10.473,-10.177,-9.922,-9.86,-9.754,-9.625,-9.448,-9.119,-8.677,-8.243,-9.7004,-8.9079,-8.4746
2018-04-01,-13.923,-9.492,-8.859,-8.947,-9.195,-9.36,-9.381,-9.349,-9.286,-9.188,-8.966,-8.622,-8.229,-9.2592,-8.7671,-8.4296
2018-04-02,-21.927,-9.59,-13.718,-12.593,-10.499,-9.435,-9.31,-9.193,-9.099,-8.985,-8.783,-8.504,-8.182,-9.055,-8.5921,-8.3213
2018-04-03,-21,-10.101,-16.41,-14.889,-11.707,-9.922,-9.678,-9.474,-9.29,-9.095,-8.799,-8.467,-8.137,-9.3408,-8.5971,-8.2725
2018-04-04,-16.662,-10.25,-14.352,-13.499,-11.366,-10.071,-9.864,-9.682,-9.489,-9.273,-8.919,-8.526,-8.165,-9.6008,-8.7129,-8.325
2018-04-05,-19.636,-10.21,-14.315,-13.377,-11.25,-10.05,-9.858,-9.705,-9.527,-9.31,-8.983,-8.588,-8.207,-9.5921,-8.7792,-8.3917
2018-04-06,-16.937,-10.374,-15.71,-14.527,-11.776,-10.192,-9.962,-9.763,-9.571,-9.368,-9.016,-8.615,-8.254,-9.6375,-8.8042,-8.4208
2018-04-07,-16.113,-10.315,-13.336,-12.715,-11.121,-10.153,-9.997,-9.829,-9.653,-9.443,-9.093,-8.683,-8.287,-9.7,-8.8608,-8.4658
2018-04-08,-18.951,-10.196,-14.022,-13.085,-11.117,-10.031,-9.873,-9.724,-9.568,-9.387,-9.078,-8.696,-8.315,-9.6142,-8.8658,-8.4962
2018-04-09,-13.434,-10.267,-13.891,-13.123,-11.227,-10.101,-9.923,-9.775,-9.591,-9.419,-9.1,-8.709,-8.332,-9.655,-8.8737,-8.5046
2018-04-10,-12.844,-10.07,-12.179,-11.723,-10.593,-9.918,-9.812,-9.686,-9.549,-9.393,-9.091,-8.718,-8.375,-9.5954,-8.885,-8.525
2018-04-11,-16.85,-9.971,-12.884,-12.169,-10.645,-9.82,-9.699,-9.579,-9.453,-9.315,-9.042,-8.707,-8.367,-9.4858,-8.85,-8.52
2018-04-12,-15.266,-9.971,-12.276,-11.813,-10.571,-9.821,-9.696,-9.569,-9.438,-9.288,-9.011,-8.708,-8.372,-9.4817,-8.8275,-8.505
2018-04-13,-21.065,-9.88,-12.6,-11.913,-10.495,-9.721,-9.613,-9.495,-9.383,-9.229,-8.991,-8.675,-8.358,-9.3892,-8.8021,-8.4975
2018-04-14,-21.82,-10.042,-14.401,-13.328,-11.117,-9.878,-9.704,-9.557,-9.418,-9.253,-8.989,-8.667,-8.354,-9.3879,-8.7729,-8.475
2018-04-15,-19.888,-10.314,-15.494,-14.297,-11.682,-10.13,-9.908,-9.72,-9.538,-9.348,-9.039,-8.695,-8.36,-9.6087,-8.8329,-8.4975
2018-04-16,-16.206,-10.404,-14.525,-13.625,-11.492,-10.227,-10.021,-9.842,-9.67,-9.457,-9.135,-8.75,-8.402,-9.7946,-8.9417,-8.5642
2018-04-17,-14.083,-10.319,-13.197,-12.627,-11.077,-10.143,-9.996,-9.847,-9.695,-9.508,-9.194,-8.807,-8.452,-9.8058,-9.0083,-8.63
2018-04-18,-16.263,-10.205,-12.922,-12.4,-10.925,-10.047,-9.92,-9.779,-9.646,-9.475,-9.2,-8.845,-8.473,-9.6925,-9.01,-8.6612
2018-04-19,-17.706,-10.232,-13.977,-13.136,-11.184,-10.069,-9.921,-9.766,-9.631,-9.457,-9.178,-8.844,-8.508,-9.6329,-8.9775,-8.6554
2018-04-20,-20.905,-10.236,-13.718,-12.935,-11.124,-10.079,-9.926,-9.777,-9.63,-9.456,-9.193,-8.842,-8.507,-9.6746,-8.9892,-8.6625
2018-04-21,-25.027,-10.398,-15.694,-14.397,-11.736,-10.242,-10.035,-9.857,-9.692,-9.506,-9.202,-8.87,-8.533,-9.7958,-9.0271,-8.6863
2018-04-22,-21.399,-10.676,-16.338,-15.023,-12.168,-10.504,-10.264,-10.055,-9.855,-9.638,-9.292,-8.908,-8.553,-10.0658,-9.1379,-8.7479
2018-04-23,-17.353,-10.815,-15.239,-14.382,-12.079,-10.64,-10.416,-10.209,-10.007,-9.779,-9.41,-8.996,-8.618,-10.2408,-9.2679,-8.8438
2018-04-24,-13.69,-10.68,-13.398,-12.922,-11.469,-10.524,-10.372,-10.207,-10.036,-9.831,-9.486,-9.068,-8.682,-10.1858,-9.3287,-8.9171
2018-04-25,-4.985,-10.246,-9.88,-10.118,-10.189,-10.112,-10.077,-9.993,-9.887,-9.74,-9.464,-9.1,-8.728,-9.9375,-9.2854,-8.93
2018-04-26,-2.489,-9.602,-7.438,-7.976,-8.954,-9.485,-9.553,-9.556,-9.53,-9.469,-9.302,-9.03,-8.717,-9.4808,-9.1317,-8.8671
2018-04-27,-8.607,-9.16,-7.391,-7.749,-8.54,-9.043,-9.126,-9.156,-9.165,-9.149,-9.069,-8.887,-8.636,-9.0425,-8.9046,-8.7325
2018-04-28,-8.337,-8.877,-7.042,-7.439,-8.26,-8.764,-8.843,-8.877,-8.895,-8.891,-8.845,-8.72,-8.524,-8.7529,-8.6871,-8.5675
2018-04-29,-10.744,-8.725,-8.243,-8.297,-8.462,-8.607,-8.652,-8.664,-8.681,-8.681,-8.647,-8.559,-8.394,-8.5546,-8.5088,-8.4179
2018-04-30,-4.855,-8.632,-7.339,-7.706,-8.242,-8.517,-8.56,-8.572,-8.572,-8.56,-8.522,-8.435,-8.288,-8.4625,-8.3737,-8.2863
2018-05-01,-5.017,-8.212,-5.039,-5.77,-7.239,-8.11,-8.242,-8.308,-8.352,-8.378,-8.374,-8.314,-8.183,-8.172,-8.2292,-8.1708
2018-05-02,-10.538,-7.883,-5.725,-6.084,-7.067,-7.766,-7.899,-7.982,-8.051,-8.114,-8.165,-8.16,-8.063,-7.839,-8.0235,-8.0207
2018-05-03,-13.284,-8.022,-8.442,-8.285,-8.005,-7.898,-7.91,-7.924,-7.955,-7.969,-8.003,-8.007,-7.938,-7.7785,-7.8667,-7.8716
2018-05-04,-12.3,-8.172,-8.737,-8.62,-8.252,-8.04,-8.029,-8.009,-7.986,-7.991,-7.946,-7.915,-7.831,-7.8829,-7.8182,-7.7811
2018-05-05,-11.537,-8.246,-9.178,-8.987,-8.422,-8.111,-8.082,-8.055,-8.02,-7.991,-7.93,-7.871,-7.773,-7.9249,-7.7992,-7.7336
2018-05-06,-10.383,-8.219,-8.518,-8.455,-8.228,-8.084,-8.082,-8.055,-8.028,-7.993,-7.925,-7.841,-7.73,-7.9354,-7.7812,-7.7005
2018-05-07,-9.528,-8.134,-8.043,-8.089,-8.051,-8.013,-8.01,-7.996,-7.983,-7.948,-7.889,-7.82,-7.691,-7.8779,-7.7438,-7.6653
2018-05-08,-9.172,-7.992,-7.413,-7.555,-7.762,-7.883,-7.906,-7.899,-7.904,-7.883,-7.838,-7.774,-7.651,-7.7817,-7.6896,-7.6221
2018-05-09,-8.603,-7.85,-6.929,-7.15,-7.524,-7.74,-7.778,-7.794,-7.797,-7.796,-7.765,-7.716,-7.603,-7.6685,-7.6202,-7.5651
2018-05-10,-4.999,-7.628,-5.736,-6.175,-7.029,-7.523,-7.603,-7.641,-7.668,-7.682,-7.675,-7.644,-7.554,-7.5168,-7.5323,-7.4967
2018-05-11,-3.11,-7.21,-3.949,-4.629,-6.156,-7.117,-7.271,-7.364,-7.436,-7.493,-7.543,-7.552,-7.487,-7.2694,-7.4085,-7.4093
2018-05-12,0.075,-6.316,-2.441,-3.288,-5.148,-6.392,-6.71,-6.935,-7.097,-7.222,-7.346,-7.417,-7.393,-6.6841,-7.2161,-7.2835
2018-05-13,0.523,-3.472,-0.521,-1.065,-2.448,-3.767,-4.498,-5.1,-5.621,-6.108,-6.676,-7.062,-7.194,-4.3367,-6.3797,-6.8814
2018-05-14,-2.021,-1.875,-0.121,-0.246,-1.025,-2.031,-2.801,-3.554,-4.229,-4.885,-5.723,-6.404,-6.758,-3.0409,-5.4157,-6.1796
2018-05-15,-2.827,-2.83,-0.135,-0.582,-2.013,-2.854,-3.221,-3.613,-4.007,-4.473,-5.137,-5.838,-6.284,-2.6152,-4.759,-5.5809
2018-05-16,-4.083,-3.167,-0.276,-0.869,-2.363,-3.136,-3.424,-3.715,-4.018,-4.367,-4.89,-5.498,-5.924,-2.7343,-4.4334,-5.1785
2018-05-17,-5.941,-3.592,-2.56,-2.761,-3.242,-3.526,-3.683,-3.879,-4.096,-4.352,-4.763,-5.289,-5.673,-2.9793,-4.2988,-4.9391
2018-05-18,-7.96,-4.087,-4.074,-4.072,-4.008,-3.997,-4.06,-4.163,-4.297,-4.468,-4.76,-5.171,-5.503,-3.3814,-4.3025,-4.8218
2018-05-19,-7.342,-4.777,-5.323,-5.334,-4.934,-4.634,-4.581,-4.578,-4.615,-4.696,-4.854,-5.149,-5.413,-3.8766,-4.4174,-4.8002
2018-05-20,-4.516,-4.669,-3.664,-3.895,-4.337,-4.577,-4.655,-4.717,-4.79,-4.868,-4.981,-5.196,-5.384,-4.1825,-4.5737,-4.8521
2018-05-21,-3.628,-4.441,-2.865,-3.156,-3.91,-4.364,-4.503,-4.616,-4.72,-4.835,-4.999,-5.213,-5.378,-4.2148,-4.6464,-4.8981
2018-05-22,-2.241,-4.043,-1.385,-1.809,-3.17,-3.995,-4.23,-4.409,-4.564,-4.72,-4.931,-5.182,-5.351,-4.1065,-4.6471,-4.9074
2018-05-23,-1.936,-3.838,-1.151,-1.573,-2.989,-3.774,-4.01,-4.201,-4.381,-4.56,-4.816,-5.104,-5.289,-3.9482,-4.587,-4.872
2018-05-24,-2.353,-3.642,-0.767,-1.195,-2.731,-3.568,-3.824,-4.032,-4.227,-4.424,-4.698,-5.014,-5.213,-3.7537,-4.4935,-4.8073
2018-05-25,-4.295,-3.549,-1.43,-1.751,-2.844,-3.476,-3.698,-3.891,-4.085,-4.288,-4.573,-4.909,-5.126,-3.6679,-4.3995,-4.7277
2018-05-26,-4.586,-3.688,-1.838,-2.115,-3.071,-3.613,-3.783,-3.941,-4.095,-4.25,-4.504,-4.82,-5.041,-3.7504,-4.3644,-4.6656
2018-05-27,-4.623,-3.813,-2.626,-2.843,-3.409,-3.735,-3.858,-3.982,-4.107,-4.257,-4.477,-4.771,-4.971,-3.8388,-4.3468,-4.6193
2018-05-28,-3.794,-3.791,-1.977,-2.318,-3.218,-3.71,-3.861,-3.996,-4.121,-4.256,-4.462,-4.738,-4.924,-3.857,-4.3396,-4.593
2018-05-29,-3.853,-3.683,-1.518,-1.886,-2.99,-3.602,-3.783,-3.933,-4.079,-4.217,-4.436,-4.7,-4.886,-3.763,-4.302,-4.5587
2018-05-30,-1.926,-2.995,-0.632,-0.993,-2.087,-3.003,-3.44,-3.721,-3.935,-4.125,-4.371,-4.656,-4.839,-3.5144,-4.2148,-4.5007
2018-05-31,-0.886,-1.349,0.103,-0.151,-0.704,-1.525,-2.231,-2.768,-3.205,-3.602,-4.093,-4.515,-4.76,-2.7429,-3.9592,-4.3706
2018-06-01,-1.726,-0.605,-0.056,-0.137,-0.141,-0.798,-1.641,-2.294,-2.808,-3.277,-3.861,-4.373,-4.678,-2.327,-3.771,-4.253
