Age,Signal,Signal + Noise,Downsampled Signal + Noise
1.0,0.0,0.13207782735623164,0.13207782735623164
2.0973419540229887,0.0,0.013295899245128289,0.009020506779699124
3.1946839080459775,0.0,-0.0006165599581455926,-0.0359871500226923
4.292025862068966,0.0,-0.1066664841557814,-0.1066664841557814
5.389367816091955,0.0,-0.1841515807498937,-0.1865918281957918
6.486709770114944,0.0,-0.15138883286810692,-0.1546057273332253
7.584051724137932,0.0,-0.24698174427363967,-0.20453072726365146
8.681393678160921,0.0,-0.34960026293887786,-0.32644278933010834
9.77873563218391,0.0,-0.1994791865536432,-0.41262098323923657
10.876077586206899,0.0,-0.4502614184250813,-0.48417927813750206
11.973419540229887,0.06498255955837842,-0.38190349518721,-0.31397313617121136
13.070761494252876,0.138998869524064,-0.1272467892873089,-0.12466495798529921
14.168103448275865,0.21305920636083694,-0.1351019353915842,-0.1047490354146593
15.265445402298853,0.28637388779186956,-0.06972707642501805,-0.05630173121396595
16.362787356321842,0.35817113905058506,0.04933382393503161,0.08156191920486386
17.460129310344833,0.42767986128990215,0.28710779777962575,0.28710779777962575
18.55747126436782,0.49413256944376244,0.3375577722744119,0.3375577722744119
19.654813218390807,0.5567674545191059,0.3774771257703783,0.3774771257703783
20.752155172413797,0.6148267933211257,0.4010838290609903,0.4010838290609903
21.849497126436788,0.6675469778231518,0.47595773887027254,0.47595773887027254
22.946839080459775,0.7141297746576497,0.6561428209285324,0.6475736226684191
24.04418103448276,0.7533576362790259,0.8188880280197419,0.8199871596241507
25.141522988505752,0.7836272969975621,0.7674582282818285,0.7888153383187128
26.238864942528743,0.7941593005237975,0.7831594700182611,0.7831594700182611
27.33620689655173,0.7651763919132869,0.8058485342154098,0.814303573812852
28.433548850574716,0.7372432779873395,0.7069058724842772,0.7211511689000529
29.530890804597707,0.7103221756654403,0.5012595484478626,0.5012595484478626
30.628232758620697,0.6843766543005707,0.3595549618150439,0.3595549618150439
31.725574712643684,0.6593715874981754,0.2711252638909777,0.2711252638909777
32.82291666666667,0.6352731066444947,0.2774104789994669,0.2774104789994669
33.920258620689665,0.612048556083839,0.36989175178744593,0.36989175178744593
35.01760057471265,0.5896783864050104,0.27782389360726895,0.39633267794033683
36.11494252873564,0.5681717844992109,0.42995727063782074,0.42995727063782074
37.212284482758626,0.5474437578466814,0.5416115558260862,0.5416115558260862
38.30962643678161,0.5442207588331688,0.5795511527931233,0.5254103273971309
39.40696839080461,0.585747534743261,0.6302397568152955,0.526543117918798
40.504310344827594,0.6314637910562042,0.5019161749817667,0.5019161749817667
41.60165229885058,0.6799313864839587,0.4769760699813968,0.5351338679103746
42.698994252873575,0.7300200191210278,0.6118689852260588,0.6409652447272415
43.79633620689656,0.7807519463334754,0.5055698734747003,0.5055698734747003
44.89367816091955,0.8312465398488329,0.483832491760533,0.483832491760533
45.991020114942536,0.8806987713708566,0.5384344591775995,0.5384344591775995
47.08836206896552,0.9281901446686629,0.6741295702462311,0.6741295702462311
48.18570402298852,0.9731270075723317,0.7802827089786206,0.7802827089786206
49.283045977011504,1.014935797605987,0.8237976103113536,0.8237976103113536
50.38038793103449,1.0530998487925876,0.8941080362875361,0.8941080362875361
51.477729885057485,1.0871745845275163,1.004753636627695,1.004753636627695
52.57507183908047,1.1167872006123756,1.173535613521056,1.173535613521056
53.67241379310346,1.1416333546552144,1.2027764372056673,1.2027764372056673
54.769755747126446,1.1614683116352975,1.2499386317637808,1.1227923464154617
55.86709770114943,1.176085993046898,1.0634925180799848,1.0415400563072947
56.96443965517243,1.1852640858919077,1.1996253042016551,1.1996253042016551
58.061781609195414,1.18810686787754,1.1712924159615665,1.1712924159615665
59.1591235632184,1.1775033946120035,1.0145574594431799,1.0145574594431799
60.256465517241395,1.1345402605346064,0.8842246553161113,0.8842246553161113
61.35380747126438,1.0931329982905782,0.8232189299676612,0.7560564344744063
62.45114942528737,1.0532256199066692,0.8888289691796389,0.7743709848356091
63.548491379310356,1.0362441478012725,0.8029645973890371,0.792685535196812
64.64583333333334,1.0442936475549538,0.8397745649659791,0.8397745649659791
65.74317528735634,1.0568350325260811,0.8224408212430825,0.8224408212430825
66.84051724137933,1.0728515232977194,0.6288465537118627,0.6288465537118627
67.93785919540231,1.0916979723719256,0.7366725431258513,0.7366725431258513
69.0352011494253,1.1128900235779224,0.8412190697113503,0.8412190697113503
70.13254310344828,1.135935561145856,1.0167035799181103,1.0167035799181103
71.22988505747128,1.160270747960759,1.0484353667222324,1.0484353667222324
72.32722701149427,1.1854722321609454,1.1317973771093333,1.1317973771093333
73.42456896551725,1.2111385278811222,1.1601459967217647,1.1601459967217647
74.52191091954025,1.2368881320456266,1.2459680033750877,1.2459680033750877
75.61925287356323,1.2623577007202846,1.341319218248697,1.341319218248697
76.71659482758622,1.2872000355033768,1.3874548023369073,1.3874548023369073
77.81393678160921,1.3110818797247235,1.4240602174005856,1.4240602174005856
78.9112787356322,1.3336816478112528,1.6255733468411693,1.6255733468411693
80.00862068965519,1.354673407501179,1.684247284730703,1.5419132836725806
81.10596264367818,1.373599534043898,1.4336047684415183,1.4420850146355528
82.20330459770116,1.3902843531814792,1.3869075427610427,1.4506674955012602
83.30064655172416,1.4044349183759626,1.4583250894734905,1.4583250894734905
84.39798850574715,1.4157611565999138,1.4593256811724702,1.4318259908619284
85.49533045977013,1.4239726982934193,1.428586551776841,1.3496128237834277
86.59267241379312,1.4287707666143916,1.303666876959664,1.2673996567049257
87.6900143678161,1.4298253619808947,1.2490861184775375,1.2490861184775375
88.7873563218391,1.4267003631319524,1.241495038613296,1.2622043967326144
89.88469827586209,1.418474370790159,1.3638794008152777,1.2728465675861858
90.98204022988507,1.3711078966792747,1.2853983110115779,1.2834887384397569
92.07938218390807,1.3210790364185003,1.3069201809447961,1.2389346537349262
93.17672413793105,1.2728884127608187,1.1230455987751127,1.1934621621156474
94.27406609195404,1.2360359677886177,1.1815726475419943,1.1815726475419943
95.37140804597703,1.2319850879282772,1.2164679800045597,1.2445798248709077
96.46875000000001,1.2356131506112222,1.2165892717584674,1.2567995411562671
97.56609195402301,1.2444172122182582,1.3437702889358705,1.3437702889358705
98.663433908046,1.2576665766173154,1.4914500574713865,1.4914500574713865
99.76077586206898,1.2748046181004014,1.46101991602831,1.46101991602831
100.85811781609198,1.2952981459887218,1.2708467108926234,1.2708467108926234
101.95545977011497,1.318595776666921,1.2049546616391336,1.2049546616391336
103.05280172413795,1.3441841610959466,1.3133733860152101,1.3133733860152101
104.15014367816094,1.3713581813967082,1.4881435735603257,1.4881435735603257
105.24748563218392,1.399379351959257,1.4427569850716595,1.4427569850716595
106.34482758620692,1.4275615149388217,1.4882032223901487,1.5127045110444721
107.44216954022991,1.4551958256083506,1.5781787657391528,1.617814704572653
108.53951149425289,1.4815559614705436,1.6683453512652102,1.6683453512652102
109.63685344827589,1.5059018955711228,1.721033910949464,1.721033910949464
110.73419540229887,1.5274802025877199,1.7741413346167099,1.7741413346167099
111.83153735632186,1.545517021026799,1.7335432892233882,1.7335432892233882
112.92887931034485,1.559194996667648,1.793697388871369,1.793697388871369
114.02622126436783,1.5635434881007182,1.7379285116856706,1.7390246137455672
115.12356321839083,1.4022342208593381,1.5958718481543968,1.6325086841289913
116.22090517241382,1.240924953617958,1.473695848125485,1.473695848125485
117.3182471264368,1.07961568637658,1.1043448527318473,1.1208351495649762
118.4155890804598,0.9183064191351998,0.770592495900129,0.8008743389559956
119.51293103448279,0.7569971518938197,0.6139128338302929,0.6139128338302929
120.61027298850577,0.5956878846524416,0.3955731204856575,0.3955731204856575
121.70761494252876,0.43437861741106143,0.13230054751147652,0.13230054751147652
122.80495689655174,0.2730693501696834,-0.06435885003950079,-0.06435885003950079
123.90229885057474,0.11176008292830329,-0.13903081289864386,-0.13903081289864386
124.99964080459773,-0.04954918431307683,-0.2255335533502073,-0.2255335533502073
126.09698275862071,-0.21085845155445487,-0.5036800149388863,-0.3765679332853711
127.1943247126437,-0.372167718795835,-0.5300154464047178,-0.5300154464047178
128.29166666666669,-0.533476986037213,-0.7142682386757756,-0.7142682386757756
129.38900862068968,-0.6947862532785932,-0.8596483861212093,-0.8596483861212093
130.48635057471267,-0.8560955205199734,-0.9852943141478401,-0.9852943141478401
131.58369252873567,-0.8738341605997616,-1.1291806228428507,-1.1291806228428507
132.68103448275866,-0.7654891269472401,-1.0353230193398826,-1.0353230193398826
133.77837643678163,-0.658154840154159,-0.8387486265194889,-0.8387486265194889
134.87571839080462,-0.5527113862286029,-0.7308052847645746,-0.7227545967746338
135.97306034482762,-0.44997849143424273,-0.6324808938892662,-0.6322332312152528
137.0704022988506,-0.35097266360343427,-0.5519231710515743,-0.5519231710515743
138.1677442528736,-0.25634585720371567,-0.46269058344175096,-0.46269058344175096
139.26508620689657,-0.16667505898000723,-0.25215766235688436,-0.25215766235688436
140.36242816091956,-0.08256581020944045,-0.055283898800288965,-0.03340677473054659
141.45977011494256,-0.004574672991668837,0.04740454855468398,0.08001425579045075
142.55711206896555,0.031537670150719,0.17197874717156625,0.17197874717156625
143.65445402298855,0.030385622492743097,0.3426819525588251,0.3426819525588251
144.7517959770115,0.029275336156242598,0.3739361446450233,0.3739361446450233
145.8491379310345,0.028205307106072386,0.3015866813194177,0.3015866813194177
146.9464798850575,0.027174085174628812,0.1756103635089485,0.1756103635089485
148.0438218390805,0.02618159283600305,-0.06954545810714269,0.0813740113183178
149.1411637931035,0.025226632438297612,-0.03987243324832101,-0.010817076298153342
150.23850574712645,0.024306245408399225,-0.053862658607381396,-0.053862658607381396
151.33584770114945,0.023419187922229266,0.060297338750696365,0.060297338750696365
152.43318965517244,0.022564260662461304,0.1509457192153686,0.1148469547132662
153.53053160919544,0.021740307233430952,0.18582618898819658,0.1467042277906497
154.62787356321843,0.020946212632266554,0.16524169381297804,0.16524169381297804
155.72521551724142,0.020180901774253746,-0.014148351225662633,0.08188258131003791
156.8225574712644,0.019443338070517072,-0.07214826142299657,-0.04865183711758424
157.91989942528738,0.01873252205616921,-0.15140224032518979,-0.15140224032518979
159.01724137931038,0.01804784793924524,-0.11437823796335721,-0.11437823796335721
160.11458333333337,0.017389612043719707,-0.08816060993172739,-0.08965059815247757
161.21192528735637,0.016755205376852274,0.009146597429342688,-0.0011011585465966504
162.30926724137933,0.016143770696616325,0.08073256992633253,0.08073256992633253
163.40660919540232,0.015554481433532923,0.13869869620569805,0.1260991308290811
164.50395114942532,0.01498654059832551,0.12440607818260982,0.13858749817818197
165.6012931034483,0.014439179728316886,0.05388514401578626,0.15107586552728283
166.6986350574713,0.013911657871199587,0.1265710707340257,0.1635642328763837
167.7959770114943,0.013403260604858646,0.0817250640958318,0.0817250640958318
168.89331896551727,0.012913299091972447,-0.003301274871006119,-0.003301274871006119
169.99066091954026,0.012441109168162138,-0.10003209926973639,-0.10003209926973639
171.08800287356325,0.01198726657460038,-0.1615495176268371,-0.1615495176268371
172.18534482758625,0.011549981454212252,-0.2684624888021268,-0.2684624888021268
173.28268678160924,0.011128529490100446,-0.4123491943105134,-0.4123491943105134
174.3800287356322,0.0107223410108692,-0.4339668767333103,-0.4339668767333103
175.4773706896552,0.010330866730819916,-0.45172288489901685,-0.3745664656436081
176.5747126436782,0.009953577023872952,-0.30106044747075833,-0.2323221476977031
177.6720545977012,0.009589961223243763,-0.03735636599226698,-0.03735636599226698
178.76939655172418,0.009239526945963328,0.056138220446088204,0.058639238037910144
179.86673850574715,0.00890179944136466,0.09779633212057527,0.0982295149060868
180.96408045977014,0.008576320962688158,-0.027095835406015418,-0.027095835406015418
182.06142241379314,0.008263234746179631,-0.25158305009173054,-0.25158305009173054
183.15876436781613,0.00796182216585291,-0.3202739030545637,-0.3059971883520288
184.25610632183913,0.007671322385607772,-0.3763228721991639,-0.3094290347581224
185.3534482758621,0.0073913427883058125,-0.2926610372477261,-0.2926610372477261
186.4507902298851,0.007121504805951079,-0.33308113943453543,-0.33308113943453543
187.54813218390808,0.006861443419321878,-0.402758521672262,-0.402758521672262
188.64547413793107,0.006610806675350233,-0.31032439780566046,-0.40204020938924795
189.74281609195407,0.006369255221621895,-0.3289153710699091,-0.4318231870495623
190.84015804597706,0.006136461857391725,-0.4473256243996795,-0.4616061647098767
191.93750000000003,0.005912111100530658,-0.361191340658152,-0.361191340658152
193.03484195402302,0.005696127154857627,-0.266591488984987,-0.3432436973774946
194.13218390804602,0.01443466652015242,-0.3083289141249545,-0.3083289141249545
195.229525862069,0.08821149409233313,-0.1380680145112329,-0.1380680145112329
196.326867816092,0.1603574898195211,-0.12355113526825794,-0.12355113526825794
197.42420977011497,0.2303902859963207,-0.08924239904323887,-0.11022125262916027
198.52155172413796,0.297794887576975,0.016727606138438406,-0.00693355641570513
199.61889367816096,0.3620281087670184,0.10027681259677662,0.10027681259677662
200.71623563218395,0.42252090626256344,0.06448853797749377,0.06448853797749377
201.81357758620695,0.47867628748865965,0.11465557457037323,0.11465557457037323
202.91091954022994,0.5298577739649094,0.08126017875321088,0.16035629353774292
204.0082614942529,0.5753102437575647,0.19213540413884891,0.19213540413884891
205.1056034482759,0.6135982664031128,0.0746268108038999,0.0746268108038999
206.2029454022989,0.6351364504788294,0.20527046640912314,0.2016737003368376
207.3002873563219,0.6119595145441722,0.3730506791598498,0.35247183621603245
208.39762931034488,0.5896220005046268,0.519674798206937,0.5032699720952273
209.49497126436785,0.5680936990515579,0.5737498404748756,0.5737498404748756
210.59231321839084,0.5473454821392437,0.5068507097087054,0.5068507097087054
211.68965517241384,0.527349264466582,0.49275271776057417,0.49275271776057417
212.78699712643683,0.5080779663252764,0.534621108839204,0.5166830874796865
213.88433908045982,0.48950547776620595,0.5380596988057763,0.535423440075625
214.9816810344828,0.47160662403737935,0.5163018912406555,0.5163018912406555
216.07902298850578,0.45439851473526155,0.45875202153575073,0.46068999285187834
217.17636494252878,0.4378228787989863,0.37736879318628536,0.39756773967664133
218.27370689655177,0.43661398858436895,0.31292697725581875,0.3459439178513065
219.37104885057477,0.48182974680661816,0.13046804498697614,0.3289210187101183
220.46839080459773,0.5316082915936672,0.03392972188018359,0.31189811956893054
221.56573275862073,0.584596878919067,0.19999025783070837,0.29487522042774233
222.66307471264372,0.6397064657580634,0.4525845582084379,0.4525845582084379
223.7604166666667,0.6959585300352703,0.5923263215896172,0.5923263215896172
224.8577586206897,0.752431213130182,0.5911169628894308,0.5911169628894308
225.9551005747127,0.8082390347361254,0.5351669941903788,0.5351669941903788
227.05244252873567,0.8624220969689301,0.6623978158127517,0.6623978158127517
228.14978448275866,0.9140768811482718,0.6880095909136322,0.6880095909136322
229.24712643678166,0.9624747330175342,0.8861435410870375,0.8861435410870375
230.34446839080465,1.006856418335642,0.9230217874506925,0.9230217874506925
231.44181034482764,1.0464864424206597,1.020887584097612,0.9907043081605129
232.5391522988506,1.0806338334267485,1.0834630687576319,1.051979212637884
233.6364942528736,1.108521792846902,1.205218994063259,1.205218994063259
234.7338362068966,1.129184685014979,1.2972401627885453,1.2972401627885453
235.8311781609196,1.1408985880973246,1.44756794299146,1.44756794299146
236.9285201149426,1.1070166855138313,1.4076555221741833,1.4076555221741833
238.02586206896558,1.0665647215047689,1.1153195315672926,1.1153195315672926
239.12320402298855,1.0276643184488004,1.1071889619271942,1.1071889619271942
240.22054597701154,0.990172203683779,0.9248444542167137,0.943121365727438
241.31788793103453,0.9540377139937049,0.8168330715167418,0.8733605225897967
242.41522988505753,0.9192119989455425,0.8899498065722597,0.8899498065722597
243.51257183908052,0.8856479563294869,0.9842144092044128,1.0258057006084045
244.6099137931035,0.8533001698890075,1.1042444175746626,1.1358969350692139
245.70725574712648,0.8221248492597486,1.1574938321487922,1.1574938321487922
246.80459770114948,0.8248377571690116,0.88533559227759,0.88533559227759
247.90193965517247,0.8470516736948621,0.7474407105684387,0.7474407105684387
248.99928160919546,0.8755482716635286,0.715379814459069,0.715379814459069
250.09662356321843,0.9083414455023561,0.842651378018493,0.7396607765001838
251.19396551724142,0.9437628399178594,0.7877198529911918,0.7877198529911918
252.29130747126442,0.9808291002558743,0.9019403436502473,0.9019403436502473
253.3886494252874,1.0186896320751972,0.8949679253277482,0.8949679253277482
254.4859913793104,1.056584994831657,0.8349082046637645,0.8349082046637645
255.58333333333337,1.0938312003246122,0.7594776885433916,0.7594776885433916
256.6806752873564,1.1298140464946371,0.8437044382101158,0.8013534905973038
257.77801724137936,1.1639879765218213,1.032002802194922,0.8851563717985046
258.8753591954023,1.195876915767764,0.9902718586299718,0.9689592529997055
259.97270114942535,1.2250758291880255,0.9234722435875143,0.9234722435875143
261.0700431034483,1.251059768331199,1.059879564670395,1.0675193842983395
262.16738505747134,1.2736649426623912,1.0359275593897284,1.1267434665567269
263.2647270114943,1.2927956941549685,1.1519501694688847,1.1519501694688847
264.3620689655173,1.3083662650282477,1.1187509432192655,1.1036880832816405
265.4594109195403,1.3203763127473047,1.1459908215665757,1.123501134854157
266.55675287356325,1.3289225649097491,1.1770919218285307,1.2188340301952545
267.6540948275863,1.3342221494573085,1.3615602897392967,1.3874942577116478
268.75143678160924,1.3366566969199614,1.359259689901327,1.359259689901327
269.84877873563227,1.3368437260119728,1.3858163504667338,1.2960475080997613
270.94612068965523,1.335706116890562,1.2548330651360715,1.2491346621081283
272.0434626436782,1.3344562667836184,1.2426260205222106,1.2426260205222106
273.1408045977012,1.3343358707186719,1.209122349882196,1.209122349882196
274.2381465517242,1.3360788208874734,1.3235810670482204,1.3235810670482204
275.3354885057472,1.3400536831568377,1.2816171238469949,1.2973862605656166
276.4328304597702,1.346376795403749,1.2117664561124173,1.2384254142266518
277.53017241379314,1.355010252779008,1.285333914208314,1.285333914208314
278.62751436781616,1.3658220721645449,1.4677923912832822,1.3925855300092975
279.7248563218391,1.3786195144439601,1.4931953433074965,1.46021969606316
280.82219827586215,1.3931669551027075,1.424143419287948,1.424143419287948
281.9195402298851,1.4091952739002802,1.406691865483451,1.406691865483451
283.0168821839081,1.4264184967290612,1.4019708934893393,1.4019708934893393
284.1142241379311,1.4445261020177331,1.436593573579702,1.436593573579702
285.21156609195407,1.4630868903179113,1.3580553207861863,1.36722060936259
286.3089080459771,1.4817225953509003,1.357741267429686,1.3876801727284893
287.40625000000006,1.5000320739235256,1.4301230301559005,1.4301230301559005
288.503591954023,1.5175926541212967,1.4445883317230896,1.4445883317230896
289.60093390804604,1.5339616694797482,1.4646143134372276,1.4646143134372276
290.698275862069,1.5486777779023402,1.5854609078197617,1.5854609078197617
291.79561781609203,1.5612611905553468,1.5193198805495804,1.5193198805495804
292.892959770115,1.5712110127720476,1.6745397739696053,1.6639786584835279
293.99030172413796,1.5779957771469877,1.8748457355943138,1.8747310332137332
295.087643678161,1.580699243053066,1.7376829292952496,1.7376829292952496
296.18498563218395,1.5787425555558514,1.7989629452140508,1.7989629452140508
297.282327586207,1.5326819070872024,1.919129587145917,1.8964012483520307
298.37966954022994,1.3713726398458264,1.8518699711425453,1.8019312420114677
299.4770114942529,1.2100633726044505,1.5998133239511716,1.637755001106675
300.57435344827593,1.048754105363066,1.32574165848045,1.3829291614877086
301.6716954022989,0.8874448381216902,1.1147669168962224,1.1281033218687553
302.7690373563219,0.7261355708803058,1.0008057825397552,1.0008057825397552
303.8663793103449,0.5648263036389298,0.6987678395118742,0.6987678395118742
304.9637212643679,0.40351703639754555,0.3277131192037234,0.3277131192037234
306.06106321839087,0.24220776915616954,0.2258604265178587,0.2258604265178587
307.15840517241384,0.08089850191479361,0.09509472057411898,0.09509472057411898
308.25574712643686,-0.08041076532659068,-0.09955180638535446,-0.09955180638535446
309.3530890804598,-0.24172003256796662,-0.3556792734694002,-0.3556792734694002
310.45043103448285,-0.4030292998093509,-0.584707386296176,-0.584707386296176
311.5477729885058,-0.43841421783268847,-0.5642680509719654,-0.5745854290838998
312.6451149425288,-0.34735467166841744,-0.4848308188842824,-0.4915151268020455
313.7424568965518,-0.256527706054319,-0.4076486883802159,-0.4235462802224246
314.83979885057477,-0.16668240990856062,-0.35792931314450654,-0.36279573951305716
315.9371408045978,-0.07856840299416905,-0.3019377005439591,-0.30204519880368663
317.03448275862075,0.006969155195282498,-0.21528792735026636,-0.21528792735026636
318.1318247126437,0.08902702475163582,-0.29801895804021916,-0.29801895804021916
319.22916666666674,0.1669964426389213,-0.17534337032660477,-0.2226477564344392
320.3265086206897,0.24013769667735865,0.06399638612492231,-0.07502512477186964
321.42385057471273,0.3077086467296495,0.13756168511078345,0.13756168511078345
322.5211925287357,0.3689424478777545,0.267978899127467,0.26841157006238536
323.61853448275866,0.422987490867802,0.19447744605406642,0.1947941218175972
324.7158764367817,0.4687302209001451,0.33515825437331503,0.2316232832013788
325.81321839080465,0.4668411587124214,0.35431922051837483,0.32730558027282236
326.9105603448277,0.4497747062417695,0.46126434090986357,0.3195850411858032
328.00790229885064,0.43333124189957034,0.28638632014946647,0.2906536639124412
329.1052442528736,0.41752733351604887,0.2676393233949977,0.26597212364517014
330.2025862068966,0.40229553986709526,0.2939842122360348,0.28135218682779123
331.2999281609196,0.3876152798686103,0.24749709798005837,0.24749709798005837
332.3972701149426,0.37346670882572686,0.13779551059971273,0.13779551059971273
333.4946120689656,0.3598306922080712,0.11220548872578971,0.11220548872578971
334.5919540229886,0.3466887803551189,0.034033689556705826,0.034033689556705826
335.68929597701157,0.33402318407879955,0.12162745487062819,0.12162745487062819
336.78663793103453,0.321816751131618,0.26627096488759205,0.19305691919705906
337.88397988505756,0.310052943509716,0.3180540415121889,0.21198585269249576
338.9813218390805,0.29871581556135063,0.23292780428974114,0.23091478618793146
340.07866379310354,0.3520138874299174,0.3285782303212377,0.20506456056045788
341.1760057471265,0.40922600124761066,0.2177755658774454,0.2177755658774454
342.2733477011495,0.46805879265080297,0.42872354530553336,0.42872354530553336
343.3706896551725,0.5275106579613232,0.6746270267211419,0.6746270267211419
344.46803160919546,0.5866867931898291,0.8631817578681028,0.8631817578681028
345.5653735632185,0.6447717402090644,0.8651895822619974,0.8651895822619974
346.66271551724145,0.701019103962281,0.9167624908616167,0.9167624908616167
347.7600574712644,0.7547489374278681,0.8740300542029709,0.9490760760527809
348.85739942528744,0.8053485382812657,0.9563059447796016,0.970385940372397
349.9547413793104,0.8522744601501052,0.9443035813499753,0.9443035813499753
351.0520833333334,0.8948556206768435,1.0201928186473028,1.0168781929671504
352.1494252873564,0.9326799134553179,1.0218920283546442,0.9677607620747425
353.24676724137936,0.9655906618638047,1.0053221255721396,1.0053221255721396
354.3441091954024,0.9933349707781342,1.1956428938059795,1.2449954709277091
355.44145114942535,1.0157060952832566,1.1799434208428048,1.273089411175652
356.53879310344837,1.0325007628291147,1.2875616618717372,1.3011833514235966
357.63613505747134,1.0433735499865773,1.2629184087968188,1.2629184087968188
358.7334770114943,1.0462904532841155,1.0574233741914791,1.1484516644093066
359.8308189655173,1.0173483592790737,0.9990533928914482,1.0200496341708671
360.9281609195403,0.9801548706358336,0.8837321806378551,0.8675502909229503
362.0255028735633,0.9443382663879684,0.7167890431238606,0.7167890431238606
363.1228448275863,0.9147066634099699,0.8259717531252658,0.8259717531252658
364.22018678160924,0.9252158323120154,0.9443164178488699,0.9443164178488699
365.31752873563227,0.940542658932593,1.0125906524186938,1.0125906524186938
366.41487068965523,0.9594474409895116,1.0460033640218336,1.0853900343957759
367.51221264367825,0.9812319009960837,1.2304781013338684,1.222683099080139
368.6095545977012,1.0053399529185674,1.401218268844726,1.3599761637644947
369.7068965517242,1.0312771190788848,1.419596913689766,1.419596913689766
370.8042385057472,1.0585853546191548,1.468435916533633,1.4400488973700105
371.9015804597702,1.0868336724691003,1.465335097482056,1.4618612059006235
372.9989224137932,1.115614126659659,1.3999022384219135,1.3999022384219135
374.09626436781616,1.1445215932084523,1.378245863324938,1.3796393417533142
375.1936063218392,1.173153188624375,1.3993338277790568,1.3810899097394553
376.29094827586215,1.2011610198096254,1.5504830363027706,1.48366764815778
377.3882902298851,1.2282117440177394,1.4782789744756408,1.4782789744756408
378.48563218390814,1.2539841998914079,1.3407988666553252,1.3226949145319034
379.5829741379311,1.2781672011840661,1.2418096049408427,1.2262632377697735
380.6803160919541,1.3004575545672894,1.1563147642965035,1.1563147642965035
381.7776580459771,1.3205584097802197,1.1331763777892363,1.1331763777892363
382.87500000000006,1.3381779225677028,1.1517893440029476,1.1987322138045942
383.9723419540231,1.3530279702735983,1.1996113547989895,1.2836317478016557
385.06968390804604,1.3646267224416224,1.355002013550027,1.355002013550027
386.16702586206907,1.3727637523122562,1.2387050646576911,1.2387050646576911
387.26436781609203,1.3771977803926236,1.2512559461022292,1.2512559461022292
388.361709770115,1.3775416408218373,1.3836086008483488,1.4096908047607943
389.459051724138,1.3730836273197053,1.4232683657878797,1.4622751176172046
390.556393678161,1.3440552666086507,1.500959733035102,1.500959733035102
391.653735632184,1.2949580311638151,1.4313173070381684,1.412621104011022
392.751077586207,1.2476405500079613,1.2543771778117603,1.2472582389668116
393.84841954022994,1.2020387253389822,1.087589650325963,1.087589650325963
394.94576149425296,1.1911959369334706,0.9967382689695575,0.9967382689695575
396.04310344827593,1.1939165190133105,1.0687804944753223,1.0687804944753223
397.14044540229895,1.202456637741788,1.1502501717551723,1.1502501717551723
398.2377873563219,1.2155853636709162,1.008717078173631,1.008717078173631
399.3351293103449,1.2327281745557384,1.1610996931030837,1.1610996931030837
400.4324712643679,1.253354280065529,1.2357489811648725,1.1959156074241386
401.52981321839087,1.2769218551520853,1.1232360554984662,1.0575840875751041
402.6271551724139,1.3028597097965942,0.9349772145603061,0.9192525677260627
403.72449712643686,1.330561964101237,1.0312566264921015,1.0053301557720424
404.8218390804599,1.3593885535062102,1.1053381114655678,1.2068944339493848
405.91918103448285,1.3886687122251966,1.3978447801586908,1.4084587121267167
407.0165229885058,1.4176920707620793,1.4296716840673107,1.4316271859750545
408.11386494252883,1.445623233560174,1.380487714245567,1.4851087642910423
409.2112068965518,1.4717502834805933,1.5628744592532904,1.538590342607027
410.3085488505748,1.4953254485276057,1.665827337953012,1.592071920923015
411.4058908045978,1.5155836317101077,1.6097437210938945,1.6097437210938945
412.50323275862075,1.5317248684952425,1.6195602915849279,1.6195602915849279
413.6005747126438,1.5428652887769347,1.7692279521690255,1.6267730045530788
414.69791666666674,1.443503855515155,1.651584914236545,1.579931438790994
415.79525862068976,1.2821945882737706,1.5662827594085318,1.5662827594085318
416.89260057471273,1.1208853210323946,1.321707630659577,1.2937617541854853
417.9899425287357,0.9595760537910186,0.95928437641214,0.9589694932969411
419.0872844827587,0.7982667865496343,0.8317544085264912,0.8317544085264912
420.1846264367817,0.6369575193082584,0.7651090971925381,0.7651090971925381
421.2819683908047,0.475648252066874,0.7535597819673685,0.7535597819673685
422.3793103448277,0.31433898482549805,0.5876327036964989,0.5876327036964989
423.47665229885064,0.15302971758412212,0.23852718336338083,0.23852718336338083
424.57399425287366,-0.008279549657262176,0.16909531451597337,0.16909531451597337
425.6713362068966,-0.1695888168986381,0.04613300721699593,0.04613300721699593
426.76867816091965,-0.3308980841400224,-0.27547327746566197,-0.27547327746566197
427.8660201149426,-0.49220735138139843,-0.7115901063587577,-0.7115901063587577
428.9633620689656,-0.6535166186227743,-0.9568744468754391,-0.9765620962570444
430.0607040229886,-0.8148258858641587,-1.208076711382657,-1.2019394904946927
431.15804597701157,-0.937148430032457,-1.2822748582598273,-1.1971526939914026
432.2553879310346,-0.8278687640931174,-1.1744949555125983,-1.1744949555125983
433.35272988505756,-0.7193230774966773,-1.0850983588483294,-1.0850983588483294
434.4500718390805,-0.612412324969954,-0.9141451560603552,-0.9148952271405707
435.54741379310354,-0.5079723052445166,-0.6514747738213131,-0.6522290352427587
436.6447557471265,-0.4067857384124028,-0.35960997627061725,-0.35960997627061725
437.74209770114953,-0.3095855140759633,-0.12753512819366764,-0.12753512819366764
438.8394396551725,-0.21705426316617138,0.015036702708072799,0.015036702708072799
439.93678160919546,-0.12982318613540364,0.13051054559186745,0.04855824446011698
441.0341235632185,-0.04865639751050773,0.1410867353308633,0.06604592395890645
442.13146551724145,0.017387819937197263,0.07989478527743672,0.07989478527743672
443.2288074712645,0.016753447705777573,0.1045884550771893,0.1045884550771893
444.32614942528744,0.01614204715652234,0.22558358268141335,0.22558358268141335
445.42349137931046,0.015552791701988786,0.2126522535346402,0.2126522535346402
446.5208333333334,0.014984884336472474,0.1731908125567834,0.1731908125567834
447.6181752873564,0.014437556582321705,0.15276289169436427,0.15276289169436427
448.7155172413794,0.013910067473629327,0.08501976886819537,0.08501976886819537
449.8128591954024,0.013401702575980551,0.1359244588770807,-0.005061129506727229
450.9102011494254,0.012911773040982082,-0.07774735498337734,-0.0933224310310585
452.00754310344837,0.012439722576772921,-0.21176859630181588,-0.21176859630181588
453.10488505747134,0.011986037233168488,-0.29242452964051807,-0.28846749131436644
454.20222701149436,0.011548775665163468,-0.2650676916197311,-0.23496980763899258
455.2995689655173,0.011127347049210841,-0.1883732248875366,-0.15518692472539555
456.39691091954035,0.010721181701360407,-0.07221503757214157,-0.0054047282529463975
457.4942528735633,0.010329730324423123,0.06653211836736855,0.06653211836736855
458.5915948275863,0.0099524632818357,0.005242751250057138,0.005242751250057138
459.6889367816093,0.009588869897282507,-0.09785361597919437,-0.09785361597919437
460.78627873563227,0.009238457779164173,-0.02875743488501028,-0.15665460356937277
461.8836206896553,0.008900752169034505,-0.1768631644801767,-0.19579358140739825
462.98096264367825,0.008575295313158872,-0.10404621689029939,-0.11866286008231429
464.0783045977012,0.008262391461415348,-0.037541611576370836,-0.037541611576370836
465.17564655172424,0.007960994989136128,-0.06563543723915513,-0.06563543723915513
466.2729885057472,0.007670511180051742,-0.011274452691119435,-0.011274452691119435
467.37033045977023,0.007390547408251706,0.03693447991247051,0.03693447991247051
468.4676724137932,0.007120725097704962,0.07163901321906033,0.1725738697457507
469.56501436781616,0.006860679221852165,0.2372559190950865,0.3311361888752543
470.6623563218392,0.0066100578209476474,0.33732911129423787,0.33732911129423787
471.75969827586215,0.006368521536523608,0.203591438712318,0.203591438712318
472.8570402298852,0.006135743162371217,0.023649736819241797,0.023649736819241797
473.95438218390814,0.005911407211455082,-0.04129056276880696,-0.05752779851807597
475.05172413793116,0.005695548700668979,-0.11680486587175318,-0.11680486587175318
476.1490660919541,0.0054878017128445365,-0.03849162480235654,-0.03849162480235654
477.2464080459771,0.005287576136763202,0.11364355716078292,0.11364355716078292
478.3437500000001,0.0050946013749618956,0.11675530206521541,0.11675530206521541
479.4410919540231,0.004908616512684283,0.16456848107137817,0.09569856394950618
480.5384339080461,0.004729369973030767,0.1299425024620262,0.057875854659450186
481.63577586206907,0.004556619184340066,-0.011624576032501258,0.039609242229179484
482.73311781609203,0.004390130259369823,0.014033509740377351,0.03554013514625951
483.83045977011506,0.004229677685859433,0.012752106168832178,0.012752106168832178
484.927801724138,0.004075044028072666,-0.05905034371526739,0.06949204434755836
486.02514367816104,0.003926133202421913,0.14140389713997067,0.14140389713997067
487.122485632184,0.003782937158251777,0.21344910492901348,0.21344910492901348
488.219827586207,0.0036449251468014033,0.38159670484163183,0.38159670484163183
489.31716954023,0.003511910672605213,0.30956656149272266,0.30956656149272266
490.41451149425296,0.0033837139131923286,0.20025326185812314,0.24214171509501645
491.511853448276,0.0032601614814374027,0.11960937663159285,0.16893901956825774
492.60919540229895,0.0031410861963403753,0.08460293627458366,0.08460293627458366
493.7065373563219,0.003026326861937108,-0.012883249777902856,-0.012883249777902856
494.80387931034494,0.057322829989939754,0.012573946122311169,0.012573946122311169
495.9012212643679,0.13033939647874265,0.13134710121180393,0.1458310307401527
496.9985632183909,0.20147656842884376,0.29257128605472876,0.2925943772137995
498.0959051724139,0.2700020216417098,0.37426727313782304,0.37426727313782304
499.19324712643686,0.33553333159538146,0.5321168575318711,0.5321168575318711
500.2905890804599,0.39751226474032825,0.5667718216892121,0.5667718216892121
501.38793103448285,0.45535103816184525,0.6795107506093662,0.6795107506093662
502.48527298850587,0.5084269418173494,0.8412276915609497,0.8412276915609497
503.58261494252883,0.5560563235435323,0.9852138622968982,0.9852138622968982
504.6799568965518,0.5974216401497167,1.009287194833919,1.009287194833919
505.7772988505748,0.6313339070125858,1.0294598625969784,1.02314733750201
506.8746408045978,0.619192338791361,0.8846032080118044,1.0233688601169901
507.9719827586208,0.5965521285669214,1.019112711617909,1.0235903827319706
509.0693247126438,0.5747791807467032,0.9081785879931069,0.9081785879931069
510.16666666666674,0.5538128615562176,0.6540409555981428,0.6540409555981428
511.26400862068976,0.533605653444267,0.5777734346108412,0.5777734346108412
512.3613505747128,0.5141302449158285,0.5694042374710501,0.5245821237325972
513.4586925287357,0.49536030178546075,0.4855148317508461,0.418370770713258
514.5560344827587,0.4772704323694314,0.39098463145141166,0.39098463145141166
515.6533764367817,0.4598361539124869,0.2790742503139508,0.2790742503139508
516.7507183908046,0.4430338602055966,0.13351639648781632,0.13351639648781632
517.8480603448277,0.42684079035259453,-0.0002795104488533397,-0.0002795104488533397
518.9454022988507,0.46223981014874804,-0.14203920977571405,-0.14203920977571405
520.0427442528737,0.5104994843985459,0.18826214373520728,-0.07055880066627088
521.1400862068966,0.5625838496594563,0.128323235292244,0.01209617266333297
522.2374281609196,0.6171238804300753,0.09119707871531324,0.09119707871531324
523.3347701149427,0.673117868857922,0.16849756096468518,0.18298967613822656
524.4321120689656,0.729630286221909,0.2804244223358382,0.33301388462623444
525.5294540229886,0.7857657231960108,0.45254140775101953,0.4830380931142579
526.6267959770116,0.8406597191575903,0.43226502605826667,0.43226502605826667
527.7241379310346,0.8934769662378521,0.4245058960871487,0.4245058960871487
528.8214798850576,0.9434122845257313,0.5159776806833151,0.5159776806833151
529.9188218390806,0.9896913612457664,0.7797684818352616,0.7797684818352616
531.0161637931036,1.0314982422619476,0.7830314120724259,0.8420366834465572
532.1135057471265,1.0677586100905634,0.8783818391866586,0.8783818391866586
533.2108477011495,1.0980276186122322,0.8584889704512062,0.8584889704512062
534.3081896551726,1.1214261149245297,0.9157627844338929,0.9157627844338929
535.4055316091955,1.1365604727402088,1.0766751508482812,1.0766751508482812
536.5028735632185,1.1226291308580187,1.1145742089895179,1.1145742089895179
537.6002155172415,1.081626920042352,1.1128510649083572,1.1128510649083572
538.6975574712645,1.0421108242467763,1.074597527264042,1.074597527264042
539.7948994252874,1.0040273271486404,1.003022913137388,1.0526316794210497
540.8922413793105,0.9673248289412131,1.0453520958272144,1.0520771884097182
541.9895833333335,0.9319535780285604,1.1202304259436195,1.0108736005692371
543.0869252873564,0.8979555843051337,0.9778696172438942,0.9666591670142852
544.1842672413794,0.8651990427267978,1.0441012775221028,0.9388990772269878
545.2816091954024,0.8336285421600121,0.8956063783694609,0.8956063783694609
546.3789511494253,0.8186298353934272,0.8543004568308141,0.8543004568308141
547.4762931034484,0.8374102638321814,0.7499940733525879,0.7499940733525879
548.5736350574714,0.8639201742005285,0.6505307761621929,0.6505307761621929
549.6709770114944,0.8951016572142012,0.6576994366595903,0.7267005506620664
550.7683189655173,0.9294728135897709,0.8495042318556182,0.7966382917095541
551.8656609195403,0.9659437345320894,0.8799853527445956,0.8665760327570491
552.9630028735634,1.0036025993327715,1.1268741284173884,1.1268741284173884
554.0603448275863,1.0416280979473607,1.3175841430811106,1.3175841430811106
555.1576867816093,1.079226778060736,1.2128978481811812,1.2128978481811812
556.2550287356323,1.1157540689180956,1.3039432074958885,1.294541210937893
557.3523706896552,1.1506433803487157,1.399258109383208,1.326746802360751
558.4497126436783,1.1833972266979924,1.4349051318490482,1.358952393783612
559.5470545977013,1.2135886791310924,1.384186344055849,1.384186344055849
560.6443965517243,1.2408630473218574,1.4338424511568506,1.4338424511568506
561.7417385057472,1.2649395214204673,1.5355848876192875,1.5355848876192875
562.8390804597702,1.2856128653658014,1.5715693137650057,1.5715693137650057
563.9364224137933,1.3027556557091797,1.469190049124344,1.469190049124344
565.0337643678162,1.316222387446971,1.3266754716134772,1.3534836314061802
566.1311063218392,1.3259840683075985,1.2678007457342195,1.2628737184318402
567.2284482758622,1.332406666502935,1.3834014957715166,1.3544062775646657
568.3257902298852,1.3358140361176616,1.4043103687412974,1.4043103687412974
569.4231321839081,1.3367422175555956,1.3597884191955016,1.3597884191955016
570.5204741379312,1.3360148996560857,1.278276787415897,1.3239231761191945
571.6178160919542,1.3347368181220889,1.2567870267972046,1.2903051479706185
572.7151580459771,1.3340794047145637,1.2750248983641481,1.2750248983641481
573.8125000000001,1.334967709020221,1.2928172345644195,1.2928172345644195
574.9098419540231,1.3379464852797927,1.2948341343619125,1.2948341343619125
576.007183908046,1.3432607725906827,1.2274450702316337,1.2274450702316337
577.1045258620691,1.3510949824760838,1.315327566262345,1.3133549700850047
578.2018678160921,1.3611622273250457,1.2842295788830387,1.2691673496526437
579.2992097701151,1.373285135151069,1.3138123943049234,1.3138123943049234
580.396551724138,1.387239694619669,1.5086387423237904,1.5086387423237904
581.493893678161,1.402766367284257,1.6184742858898182,1.6184742858898182
582.5912356321841,1.4195758437292925,1.7331894441044908,1.7331894441044908
583.688577586207,1.4373519402255603,1.7125621422233082,1.7690805741906614
584.78591954023,1.4557530887062102,1.780572334435501,1.7981440535030653
585.883261494253,1.474413292634483,1.7058672945986724,1.7058672945986724
586.9806034482759,1.4929430651525577,1.5139871530941276,1.6882738979317682
588.077945402299,1.5108665823750136,1.6668704488988868,1.6668704488988868
589.175287356322,1.5277379542972633,1.5098948683703808,1.5098948683703808
590.272629310345,1.5431108277229446,1.7234005680861375,1.7234005680861375
591.3699712643679,1.5565111298233805,1.7576881156385087,1.7576881156385087
592.4673132183909,1.567444856322958,1.6616703227988854,1.6616703227988854
593.564655172414,1.57539091028326,1.4804095532623636,1.4804095532623636
594.6619971264369,1.579780549067699,1.3033617933515047,1.3033617933515047
595.7593390804599,1.579940504103853,1.3668464659910016,1.3575171038900724
596.8566810344829,1.574908669946748,1.4775569071813786,1.4757960673146489
597.9540229885058,1.4338660655688646,1.2741947583971436,1.2741947583971436
599.0513649425288,1.2725567983274804,1.200536520046542,1.1998675560669647
600.1487068965519,1.111247531086096,1.142927074949104,1.1318400495533345
601.2460488505749,0.9499382638447117,1.0152311952689572,1.0152311952689572
602.3433908045978,0.7886289966033441,0.7589012253536292,0.7589012253536292
603.4407327586208,0.6273197293619598,0.563711132993684,0.563711132993684
604.5380747126438,0.46601046212057545,0.32446609224388845,0.4416159014112917
605.6354166666667,0.3047011948792079,0.3178742611674183,0.3972514683135166
606.7327586206898,0.14339192763782355,0.340965494016993,0.2726646578405692
607.8301005747128,-0.017917339603560747,0.12399970152235229,0.10816328215401096
608.9274425287358,-0.17922660684494504,-0.019514131241788357,-0.019514131241788357
610.0247844827587,-0.34053587408631264,-0.2916174973819783,-0.2916174973819783
611.1221264367817,-0.47376989255257307,-0.5027131346478991,-0.5027131346478991
612.2194683908048,-0.382778324904347,-0.6266167542108138,-0.6266167542108138
613.3168103448277,-0.29177223806848634,-0.5498464917281928,-0.5498464917281928
614.4141522988507,-0.20150136318038467,-0.39391927523775727,-0.39391927523775727
615.5114942528737,-0.11271476373862602,-0.2561222373800226,-0.2561222373800226
616.6088362068966,-0.02616295738236531,-0.14627875969958712,-0.14627875969958712
617.7061781609196,0.057403935860765254,-0.0862591138479561,-0.0862591138479561
618.8035201149427,0.13723916411460912,-0.10131354482596265,0.030752705304181865
619.9008620689657,0.21260109532709892,0.1622556440794693,0.17854991544104667
620.9982040229886,0.2827508299519729,0.386224106272705,0.386224106272705
622.0955459770116,0.3464006746711751,0.29900887075485094,0.3068667812616212
623.1928879310346,0.4031544007766743,0.19835727342195023,0.2647359384921947
624.2902298850576,0.45202498322868495,0.254591593981833,0.254591593981833
625.3875718390806,0.4736023052577347,0.3412559713238241,0.3412559713238241
626.4849137931036,0.4563106307411007,0.3744498589684092,0.3744498589684092
627.5822557471265,0.4396455097419576,0.3535668793734428,0.3535668793734428
628.6795977011495,0.42358438499748785,0.25986751070455344,0.25986751070455344
629.7769396551726,0.408105506891825,0.08958994481268297,0.08958994481268297
630.8742816091956,0.3931879046765425,0.062351381503901515,0.17187448389374674
631.9716235632185,0.3788113587124005,0.3165802224968237,0.3201349986220361
633.0689655172415,0.3649853730107827,0.24000890501898753,0.24624261889714216
634.1663074712645,0.35167175245557303,0.2631642536255175,0.35551385222013565
635.2636494252874,0.33884016730070005,0.38954570819270584,0.46478508554311776
636.3609913793105,0.3264732747645333,0.6466078371416165,0.6466078371416165
637.4583333333335,0.3145543526559992,0.8372501280978473,0.8372501280978473
638.5556752873565,0.30306727727162897,0.6893465604011034,0.6893465604011034
639.6530172413794,0.3307591212724839,0.6282935307090288,0.6282935307090288
640.7503591954024,0.3868402600264266,0.7587421986481545,0.6304102537348557
641.8477011494255,0.4450874834014554,0.6161351942995643,0.5900879254421366
642.9450431034484,0.5044182779974747,0.6159461238151787,0.6159461238151787
644.0423850574714,0.5638614230476654,0.4396115741417892,0.611496126860662
645.1397270114944,0.6224710969320901,0.6124121142637535,0.6158007450595777
646.2370689655173,0.6794791040302808,0.6764074033368259,0.6949098501499916
647.3344109195403,0.7341851898698407,0.7595800333887706,0.7595800333887706
648.4317528735634,0.7859558707521498,0.7491571826534235,0.7491571826534235
649.5290948275864,0.8342262862638089,0.7682253560544116,0.7682253560544116
650.6264367816093,0.8785022285030484,0.8552738963354872,0.8552738963354872
651.7237787356323,0.918361317692173,0.807981096800624,0.807981096800624
652.8211206896553,0.9534523376392436,0.7353389138441114,0.7353389138441114
653.9184626436783,0.9834913297120528,0.8599915398723005,0.8599915398723005
655.0158045977013,1.008179079106545,1.0357371040114252,1.0357371040114252
656.1131465517243,1.0270015196802198,0.9723811814285208,0.9723811814285208
657.2104885057472,1.040057418605209,1.0619497830968427,1.0619497830968427
658.3078304597702,1.0462194621803533,1.079151156445915,1.0661008845266362
659.4051724137933,1.0321790012174579,1.0474073402387811,0.9853892318265685
660.5025143678163,0.9944912050564715,0.9498629342186276,0.9046775791265008
661.5998563218392,0.9581690630826463,0.7602833434450744,0.7602833434450744
662.6971982758622,0.9231634070125654,0.8227940584685843,0.8227940584685843
663.7945402298852,0.9205425950101485,0.9474903029678071,0.9474903029678071
664.8918821839081,0.933962972674638,0.9951400140995704,0.9951400140995704
665.9892241379312,0.9514406916733026,0.9502767064185761,0.9220741825845459
667.0865660919542,0.9722827408650324,0.843255859784646,0.843255859784646
668.1839080459772,0.9956467682238771,0.8446344665444413,0.8435201122569339
669.2812500000001,1.020996659843444,0.8735394541554704,0.869184331246682
670.3785919540231,1.0478649470929766,1.0083264998835109,1.0083264998835109
671.4759339080462,1.0758129680256927,1.1904466491043442,1.1904466491043442
672.5732758620691,1.1044259592909798,1.1280836889919006,1.1280836889919006
673.6706178160921,1.1333105357343907,1.0637931876681817,1.0637931876681817
674.7679597701151,1.1620928439379217,1.0651303658760898,1.0651303658760898
675.865301724138,1.1904167198400724,1.2820704345403118,1.2820704345403118
676.962643678161,1.2179416449323552,1.0967010528495755,1.3468704571995884
678.0599856321841,1.244267664179569,1.0959882209658662,1.3831873982988963
679.1573275862071,1.2690689818073166,1.4264448647837613,1.419504339398204
680.25466954023,1.2920764925783383,1.414521505364999,1.414521505364999
681.352011494253,1.3129915908648442,1.2970162268269831,1.2970162268269831
682.449353448276,1.3315210296964906,1.2234415808884551,1.2234415808884551
683.546695402299,1.3473756593836597,1.2066935231724405,1.2066935231724405
684.644037356322,1.3602687215501417,1.3062076523267248,1.2697570257474997
685.741379310345,1.3699122138407192,1.3560175870260651,1.341380414055056
686.8387212643679,1.376007516968265,1.400973551697116,1.400973551697116
687.9360632183909,1.3782189800343243,1.4078511029459666,1.4078511029459666
689.033405172414,1.375934343564883,1.5252288687902515,1.5252288687902515
690.130747126437,1.3634801363874989,1.66911868199367,1.66911868199367
691.2280890804599,1.3137354217895145,1.4544995917291572,1.4544995917291572
692.3254310344829,1.2657920435687382,1.1733257689149188,1.1733257689149188
693.4227729885059,1.2195851845384695,1.2526989039597656,1.2526989039597656
694.5201149425288,1.1932583112391477,1.3990136044654968,1.3990136044654968
695.6174568965519,1.1925769398970316,1.3534132933605736,1.3534132933605736
696.7147988505749,1.1988018246606722,1.27098835567132,1.27098835567132
697.8121408045978,1.209983037759314,1.1730925269918657,1.2427720326120153
698.9094827586208,1.2254460928222533,1.2152566523225672,1.2230227891718606
700.0068247126438,1.2446657179445448,1.0937431297756188,1.1996522062917172
701.1041666666669,1.267287347778909,1.1866824022837261,1.1866824022837261
702.2015086206898,1.2924727730307135,1.2675551218072372,1.2675551218072372
703.2988505747128,1.3196269584673865,1.3547821014108206,1.3161211467398213
704.3961925287358,1.348120055843561,1.456585052990165,1.3784731962571126
705.4935344827587,1.3772902905593536,1.4110146023482186,1.3992233526252598
706.5908764367817,1.4064486550991364,1.3788508387246827,1.3690762874623514
707.6882183908048,1.4348843126068,1.451665777745293,1.451665777745293
708.7855603448278,1.4618696766376793,1.5472856281832816,1.5106539358855393
709.8829022988507,1.4866638267064434,1.539136446169075,1.5336760293016545
710.9802442528737,1.5085120703455113,1.4503008290058015,1.4503008290058015
712.0775862068967,1.5263411951046935,1.4472254651440197,1.3641924881782674
713.1749281609196,1.5394183796660739,1.3089279356845813,1.3089279356845813
714.2722701149427,1.506071566063841,1.3073317181634299,1.3073317181634299
715.3696120689657,1.3447622988224568,1.0610888553657611,1.0187299132739245
716.4669540229886,1.1834530315810892,0.8705648337717166,0.8094757472175435
717.5642959770116,1.0221437643397049,0.5548156548054892,0.5548156548054892
718.6616379310346,0.8608344970983206,0.38062797399719617,0.39421786442811757
719.7589798850577,0.6995252298569362,0.31885678859480354,0.3238072861404813
720.8563218390806,0.5382159626155686,0.28365995454065657,0.28365995454065657
721.9536637931036,0.3769066953741843,0.0446232127437047,0.0446232127437047
723.0510057471266,0.2155974281328,0.014264100129446641,0.014590692587749168
724.1483477011495,0.054288160891432416,-0.14523265866865157,-0.13977948459377582
725.2456896551726,-0.10702110634995188,-0.3062061431177716,-0.3062061431177716
726.3430316091956,-0.26833037359133616,-0.4778750039148858,-0.4778750039148858
727.4403735632185,-0.4296396408327038,-0.5782653501860027,-0.5782653501860027
728.5377155172415,-0.5909489080740882,-0.7258741214287571,-0.7258741214287571
729.6350574712645,-0.7522581753154725,-0.9543927805730964,-0.9543927805730964
730.7323994252876,-0.9135674425568567,-1.1390668385014446,-1.1390668385014446
731.8297413793105,-0.8701963491507262,-0.9692823754202844,-0.9692823754202844
732.9270833333335,-0.7611874310278287,-0.9518480329307727,-0.9518480329307727
734.0244252873565,-0.6534364332505217,-0.7130266251161526,-0.7444853911565654
735.1217672413794,-0.5479721925052432,-0.5296888142700378,-0.5296888142700378
736.2191091954024,-0.4455112470142562,-0.4083942786845833,-0.4083942786845833
737.3164511494255,-0.346801661907998,-0.3152540502225737,-0.3152540502225737
738.4137931034484,-0.25254161044251344,-0.18710181449894642,-0.18710181449894642
739.5111350574714,-0.16337815251171367,-0.13371963742575327,-0.13371963742575327
740.6084770114944,-0.07990701233225446,-0.06444361218355026,-0.06444361218355026
741.7058189655174,-0.002675944621608661,0.03487284363191828,0.03487284363191828
742.8031609195403,0.016995232300024095,0.2428098020123156,0.12503439866518856
743.9005028735634,0.016373951362028467,0.22959145672056328,0.19920649100336066
744.9978448275864,0.01577520556178808,0.273416384828261,0.27337858334153275
746.0951867816093,0.01519985117945293,0.30981228393739096,0.24767833024089658
747.1925287356323,0.01464536226372626,0.21739604774491736,0.221781542514944
748.2898706896553,0.014110950552181976,0.18494368653122806,0.1958847547889914
749.3872126436784,0.013595893663336505,0.14405441738745955,0.14405441738745955
750.4845545977013,0.013099495066467246,0.06301374822434234,0.06520067803707046
751.5818965517243,0.012621083160874404,0.010432446306519743,0.012319463580065993
752.6792385057473,0.012160010387802787,-0.0768852242245483,-0.0768852242245483
753.7765804597702,0.011715652373868353,-0.041553392722928115,-0.041553392722928115
754.8739224137933,0.01128740710487639,-0.08369672002272609,-0.08369672002272609
755.9712643678163,0.01087469412895737,-0.035459134939928826,-0.035459134939928826
757.0686063218392,0.010477781937122744,0.05288802565481172,0.05288802565481172
758.1659482758622,0.010095582871058358,-0.0033693188607762966,0.002486868168820869
759.2632902298852,0.00972722176280146,0.03430442733278141,0.06030234853990493
760.3606321839083,0.009372200747460514,0.020618793826146647,0.020618793826146647
761.4579741379312,0.009030039775628107,-0.089435890628357,-0.09910180582816255
762.5553160919542,0.008700275978865095,-0.04311270141102843,-0.05249811554228467
763.6526580459772,0.008382463057691142,-0.027227825024832526,-0.027227825024832526
764.7500000000001,0.008076170691285632,-0.009159723988089006,-0.009159723988089006
765.8473419540231,0.007780983968131913,-0.15449638610768182,-0.15449638610768182
766.9446839080462,0.007496502836864792,-0.20604568816121233,-0.22221502494565007
768.0420258620691,0.007222690962385864,-0.2662071327738954,-0.2662071327738954
769.1393678160921,0.006959248311398378,-0.23904653839291815,-0.23904653839291815
770.2367097701151,0.006705343291629629,-0.22660344424486403,-0.25311912000788855
771.3340517241381,0.00646063277505502,-0.09304612998897827,-0.16764410095194812
772.431393678161,0.0062247859114836,-0.11495493186854015,-0.10256217227827948
773.5287356321841,0.005997483691289078,-0.0824994693757188,-0.068961334003186
774.6260775862071,0.005778418523650321,-0.13920892683509573,-0.13920892683509573
775.72341954023,0.005567293829752735,-0.10745074062220196,-0.10745074062220196
776.820761494253,0.005363823650422025,-0.14365726871027135,-0.14365726871027135
777.918103448276,0.005167732267680302,0.02901663957962603,0.02901663957962603
779.0154454022991,0.004978842276322996,0.12585349254471184,0.07058306931665664
780.112787356322,0.004797256315259787,0.06095616346818119,0.09743196186585146
781.210129310345,0.004622244037960415,0.10819264025615011,0.11437683915945056
782.307471264368,0.004453568961019602,0.06912333497124595,0.08950476315167367
783.4048132183909,0.004291003062499348,0.055877641796172016,0.055877641796172016
784.502155172414,0.004134326480590407,0.175866709391544,0.175866709391544
785.599497126437,0.003983327222961506,0.27931202148079126,0.2792651653906638
786.6968390804599,0.003837800886418336,0.20296501754427412,0.20294132279288554
787.7941810344829,0.0036975503865080716,0.09544892560701367,0.09544892560701367
788.8915229885059,0.0035623856967180274,-0.032475915064449044,-0.032475915064449044
789.988864942529,0.0034321235969289768,0.0024654070641500713,0.0024654070641500713
791.0862068965519,0.0033069160520872646,-0.02337162184042116,-0.02337162184042116
792.1835488505749,0.0031862832382579375,-0.2799554938500208,-0.2799554938500208
793.2808908045979,0.0030700182608482465,-0.3065151301715794,-0.3065151301715794
794.3782327586208,0.028557015950466644,-0.44082995922944007,-0.44082995922944007
795.4755747126438,0.10211328917880448,-0.2831806237354834,-0.2831806237354834
796.5729166666669,0.17394558152157955,-0.23779052246010396,-0.2619750225641498
797.6702586206898,0.24356555525721507,-0.30130868798257254,-0.3152280429013809
798.7676005747128,0.3104530676067165,-0.13437143103173155,-0.13437143103173155
799.8649425287358,0.3740603858259305,0.0028602494319269474,0.0028602494319269474
800.9622844827588,0.43381406658392685,-0.1076136713002387,-0.1076136713002387
802.0596264367817,0.4888564674813975,-0.060729752704682276,-0.060729752704682276
803.1569683908048,0.5385489524738096,0.13634550787147065,0.12826842470420108
804.2543103448278,0.5822737593622115,0.3029446018379742,0.2645738360365339
805.3516522988507,0.6190003331478184,0.40859079650923746,0.40859079650923746
806.4489942528737,0.6282412167181526,0.5004925203711653,0.5004925203711653
807.5463362068967,0.6052993778049837,0.5396238374897447,0.5595388508867317
808.6436781609198,0.5831889490230059,0.6721729003123744,0.6851615218046768
809.7410201149427,0.5618799939622676,0.6741074465057407,0.6836982850948574
810.8383620689657,0.5413436481844398,0.6190333529261253,0.621125392366308
811.9357040229887,0.5215520810207314,0.6560176207138155,0.6560176207138155
813.0330459770116,0.5024975665815221,0.529943879357754,0.529943879357754
814.1303879310346,0.4841697887928785,0.44439272773732136,0.44439272773732136
815.2277298850577,0.4665055322272761,0.509842170077496,0.509842170077496
816.3250718390806,0.4494809263340568,0.4099009432127891,0.4099009432127891
817.4224137931036,0.4330729546867979,0.40122643852866374,0.36189123097963766
818.5197557471266,0.4453004436548778,0.2935589536877293,0.24883856891476297
819.6170977011496,0.49160806862996564,0.15583162135054904,0.15583162135054904
820.7144396551726,0.5421910927034175,0.2144852360579659,0.24398225381092903
821.8117816091956,0.5957615114059415,0.41309203371666164,0.4208629926420187
822.9091235632186,0.6512573296623347,0.5825765825497763,0.5825765825497763
824.0064655172415,0.7077134112766714,0.6557395494187163,0.6557395494187163
825.1038074712645,0.76414414070053,0.6586144790115714,0.6582760790116412
826.2011494252876,0.8196136450258926,0.6219092752598234,0.619305117474898
827.2984913793105,0.8732776395576078,0.6514961609812815,0.6514961609812815
828.3958333333335,0.9243215393782707,0.8280337873398184,0.8280337873398184
829.4931752873565,0.971961548921117,0.7756096767759245,0.7756096767759245
830.5905172413795,1.0154433322823069,0.7336244786068705,0.7336244786068705
831.6878591954024,1.0540342305143007,0.842285597289421,0.842285597289421
832.7852011494255,1.0870009589540153,1.050032919415109,1.050032919415109
833.8825431034485,1.1135518169791818,1.2112079427097,1.2112079427097
834.9798850574714,1.1326712299665391,1.1332711407888225,1.1332711407888225
836.0772270114944,1.138828717862622,1.1600799895844,1.1600799895844
837.1745689655174,1.0972865210216034,1.2426256624311047,1.2426256624311047
838.2719109195403,1.0572484387279206,1.1401540975604219,1.1401540975604219
839.3692528735634,1.0186603546749,1.094072852803414,1.094072852803414
840.4665948275864,0.981470089071272,0.9915426692046376,0.9915426692046376
841.5639367816094,0.945627329669358,0.9120239939837173,0.9120239939837173
842.6612787356323,0.9110835652397183,1.0316867884400827,1.0316867884400827
843.7586206896553,0.8777920214057519,1.1475874540749877,1.1475874540749877
844.8559626436784,0.8457075987548945,1.1358597526972871,1.1358597526972871
845.9533045977013,0.814786813145869,1.1647428092028453,1.1647428092028453
847.0506465517243,0.8281736012813129,1.0067614008287467,1.0067614008287467
848.1479885057473,0.8526820235974149,1.139255145714788,1.139255145714788
849.2453304597703,0.8824622011603107,0.9940564394001598,0.9940564394001598
850.3426724137933,0.9158439194090091,1.0911052089261286,1.09967226149081
851.4400143678163,0.9516584541766947,1.1723443717025763,1.1863444083360442
852.5373563218393,0.9889501650874056,1.2615977181292553,1.2615977181292553
853.6346982758622,1.0268858042286282,1.3040994839760487,1.3040994839760487
854.7320402298852,1.0647198864755911,1.219864165738482,1.219864165738482
855.8293821839083,1.1017810061916518,1.1245627176984347,1.1245627176984347
856.9267241379312,1.1374671200525228,1.0797931559944878,1.02092160306566
858.0240660919542,1.1711965507876738,0.9160544387176962,0.9176003188113108
859.1214080459772,1.2023703403435955,0.9588751944817328,1.0153113543168861
860.2187500000002,1.2307326729132335,1.1266997014681555,1.1266997014681555
861.3160919540231,1.2559798903589856,1.2390664816571233,1.2390664816571233
862.4134339080462,1.2778834041552345,1.2267283450138338,1.2267283450138338
863.5107758620692,1.296291717020318,1.2768040696097676,1.2768040696097676
864.6081178160921,1.3111337387176134,1.309474447906547,1.309474447906547
865.7054597701151,1.322425218909354,1.4722859416028082,1.4722859416028082
866.8028017241381,1.330281747314484,1.6808015827221412,1.6808015827221412
867.900143678161,1.3349445631945112,1.6266188224066431,1.6805835481016989
868.9974856321841,1.3368287120669522,1.6392331779267613,1.6393839173840006
870.0948275862071,1.336508988280991,1.485277042240043,1.485277042240043
871.1921695402301,1.335233827306616,1.480650571445721,1.480650571445721
872.289511494253,1.3342050486568218,1.4182965828842673,1.4182965828842673
873.386853448276,1.3344582775912393,1.3013341749870069,1.3013341749870069
874.4841954022991,1.336657901775546,1.3538357292551189,1.3538357292551189
875.581537356322,1.3411220650383937,1.468542394244564,1.4328861353483087
876.678879310345,1.3479351799090793,1.489300784657841,1.4696116583741918
877.776221264368,1.3570395178070846,1.3557624002749329,1.3557624002749329
878.8735632183909,1.3682902921466418,1.2969410500837266,1.2969410500837266
879.970905172414,1.3814858922736928,1.5915840248307347,1.5915840248307347
881.068247126437,1.3964652017144057,1.4099808348364316,1.4099808348364316
882.16558908046,1.4128681095701023,1.293597596409721,1.293597596409721
883.2629310344829,1.4303455164952812,1.2920458378035882,1.2920458378035882
884.3602729885059,1.4485634948543846,1.3680954622736674,1.3680954622736674
885.457614942529,1.4671634423244517,1.3744083508730807,1.3744083508730807
886.5549568965519,1.4857629861200583,1.3965536330413773,1.40683568755873
887.6522988505749,1.5039570847799122,1.4275470815682585,1.4339891713888349
888.7496408045979,1.521319419699782,1.4650771930282496,1.4809415433882946
889.8469827586209,1.5374039345676287,1.533838865313272,1.5370771083671133
890.9443247126438,1.5517460717722107,1.5025219927295135,1.5025219927295135
892.0416666666669,1.5637667584020691,1.7729400952119145,1.7729400952119145
893.1390086206899,1.5728708819869905,1.8270227377473547,1.8270227377473547
894.2363505747128,1.5786153422093636,1.795151145267369,1.795151145267369
895.3336925287358,1.5803694944038982,1.623956658857735,1.6341115012683054
896.4310344827588,1.5772882396000354,1.610744530925976,1.6280591384376328
897.5283764367817,1.4964361002821247,1.5205917499778925,1.5205917499778925
898.6257183908048,1.3351268330407404,1.3739881690538789,1.3739881690538789
899.7230603448278,1.173817565799356,1.2973092492013456,1.2973092492013456
900.8204022988508,1.0125082985579716,1.044073538837113,1.044073538837113
901.9177442528737,0.851199031316604,0.8961725096822989,0.8961725096822989
903.0150862068967,0.6898897640752197,0.6911932854527837,0.6911932854527837
904.1124281609198,0.5285804968338355,0.4723722211541497,0.4591048044356142
905.2097701149427,0.3672712295924678,0.4694038932973264,0.37615048505222975
906.3071120689657,0.20596196235108347,0.2646562012134843,0.2646562012134843
907.4044540229887,0.04465269510969918,0.12755078994464591,0.12755078994464591
908.5017959770116,-0.11665657213166841,-0.004301734213649858,-0.004301734213649858
909.5991379310346,-0.2779658393730527,-0.22785566090762485,-0.18912329613693363
910.6964798850577,-0.439275106614437,-0.3888995462697716,-0.3423174599259164
911.7938218390807,-0.41809525659564994,-0.5034927028663142,-0.49551162371489915
912.8911637931036,-0.32699207866513286,-0.40435680475881897,-0.40435680475881897
913.9885057471266,-0.23626447671077572,-0.10176053303250304,-0.10176053303250304
915.0858477011496,-0.14679632039545115,-0.24824456494875452,-0.24114907487555262
916.1831896551726,-0.059326966435255146,-0.1300367842780299,-0.06252571973235284
917.2805316091956,0.025404351103441122,0.05487514744010609,0.06590456484971699
918.3778735632186,0.10664948806889309,0.023730504477384416,0.04819010877114594
919.4752155172416,0.1836651483358979,0.08299671124630237,0.08299671124630237
920.5725574712645,0.25571191928065456,0.27817283371339296,0.27817283371339296
921.6698994252876,0.3220455784944451,0.4549201135333993,0.4549201135333993
922.7672413793106,0.3818910942370718,0.36646561971673447,0.42429256997149034
923.8645833333335,0.43437334725533233,0.3223475161475264,0.3325538645773073
924.9619252873565,0.47831087436099795,0.40764580000858003,0.40764580000858003
926.0592672413795,0.4628912280836975,0.318130934435983,0.318130934435983
927.1566091954024,0.4460067538556274,0.2011168240293185,0.2011168240293185
928.2539511494255,0.4297335876560007,0.29891638980438295,0.29891638980438295
929.3512931034485,0.41404973614317625,0.3054815792375782,0.3054815792375782
930.4486350574715,0.3989339929671445,0.2526358818879034,0.2526358818879034
931.5459770114944,0.38436591074046833,0.18471773799638547,0.18471773799638547
932.6433189655174,0.37032577400338346,0.269975339762424,0.269975339762424
933.7406609195405,0.3567945731479482,0.29718630731352697,0.31165434987761576
934.8380028735634,0.34375397926731727,0.27095765285862766,0.27412209863767517
935.9353448275864,0.3311863198974516,0.20747512747570243,0.20747512747570243
937.0326867816094,0.3190865571013462,0.08425645336068861,0.08425645336068861
938.1300287356323,0.3074484082463655,0.15396971004902224,0.15491694824933636
939.2273706896553,0.30972815089132194,0.09037945005880776,0.09600792897834656
940.3247126436784,0.36475302133098214,0.06940725057943128,0.06940725057943128
941.4220545977014,0.42234496728936716,0.13657994271476492,0.13657994271476492
942.5193965517243,0.4813608193821093,0.2557812678534681,0.2557812678534681
943.6167385057473,0.5408198604460995,0.38130538687980353,0.38130538687980353
944.7140804597703,0.5998423202868286,0.48091737443319205,0.48091737443319205
945.8114224137933,0.6576253642533723,0.488851252434713,0.488851252434713
946.9087643678163,0.7134343998268879,0.6625805945155613,0.6625805945155613
948.0061063218393,0.766584431996148,0.6393218887235526,0.6393218887235526
949.1034482758623,0.8161985649800111,0.7984724299350188,0.7984724299350188
950.2007902298852,0.8619697423520112,0.9159605893048381,0.9159605893048381
951.2981321839083,0.9034535054264744,0.9550328973808553,0.9822561888818483
952.3954741379313,0.9402770282055624,1.1465671794821481,1.201768142850969
953.4928160919542,0.9721362622047675,1.290417721668252,1.290417721668252
954.5901580459772,0.9987879181404355,1.3001779280529948,1.3001779280529948
955.6875000000002,1.0200303500707883,1.3507587336775386,1.3507587336775386
956.7848419540231,1.035653823861254,1.3168322232545064,1.262422226649474
957.8821839080462,1.0452655868232814,1.133904567216017,1.125736842325207
958.9795258620692,1.0463075165155584,1.1400056913093155,1.1400056913093155
960.0768678160922,1.0088416385323613,1.1700216711276679,1.1718381234569504
961.1742097701151,0.9720411487810044,1.000633215444897,1.0201473458421224
962.2715517241381,0.9365730898591429,0.8829440342401965,0.8829440342401965
963.3688936781612,0.9168361280999836,0.8098268651419752,0.8410310200854164
964.4662356321841,0.928412005025012,0.8551383043507352,0.9002886200721666
965.5635775862071,0.9445270170917319,0.9176390413867236,0.9176390413867236
966.6609195402301,0.9640735733442302,0.8887190818372678,0.8887190818372678
967.758261494253,0.9863872409565378,0.8747290511869018,0.8747290511869018
968.855603448276,1.0109260332800667,0.8722516171336949,0.8722516171336949
969.9529454022991,1.0372033054999161,0.8666940835269924,0.8666940835269924
971.0502873563221,1.0648019827949244,0.9083511633549167,0.9083511633549167
972.147629310345,1.0932471557315138,0.7523406932027344,0.7523406932027344
973.244971264368,1.1220904995213137,0.9101327890343932,0.9101327890343932
974.342313218391,1.1509524019165502,1.0446259194570533,1.0446259194570533
975.439655172414,1.179471485175928,1.171653248796021,1.2402831530204885
976.536997126437,1.2073026240265854,1.1385728109147868,1.2108472770465437
977.63433908046,1.2341147645286306,1.244367866971055,1.228733572751439
978.7316810344829,1.2595886589652092,1.2877733775593987,1.2811602304574492
979.8290229885059,1.2834146851029797,1.3598542520991443,1.3050839107037868
980.926364942529,1.305290911119502,1.3246471905270958,1.3197824071709374
982.023706896552,1.3248708367788447,1.224994544774526,1.224994544774526
983.1210488505749,1.3417298034691845,1.1942730222327773,1.1942730222327773
984.2183908045979,1.3557214763305805,1.3079752361614927,1.301029019784811
985.3157327586209,1.3665589093635404,1.3783279756793845,1.356563926012342
986.4130747126438,1.373948177786772,1.3862979393302732,1.3862979393302732
987.5104166666669,1.377568196317013,1.359969926989494,1.359969926989494
988.6077586206899,1.3770050431437773,1.3965208057416614,1.3965208057416614
989.7051005747129,1.371427284948386,1.3722770892340865,1.3722770892340865
990.8024425287358,1.3328183933781679,1.1796366305832455,1.262587280961004
991.8997844827588,1.2840957368822972,1.0325422945540896,1.1468027567041204
992.9971264367819,1.2371403481601755,1.0306864131623075,1.031018232447237
994.0944683908048,1.1953251353015795,1.149533994846343,1.149533994846343
995.1918103448278,1.1914403177865158,0.9916220932846866,0.9797556425761116
996.2891522988508,1.195703338560851,0.8781698721920034,0.8341928947533559
997.3864942528737,1.205211016112764,0.6925909188548546,0.6925909188548546
998.4838362068967,1.219194926053818,0.6271514867097923,0.6271514867097923
999.5811781609198,1.237091954949752,0.6483434742901217,0.657983491347947
1000.6785201149428,1.2583709503965586,0.6914178296491867,0.6967502247460615
1001.7758620689657,1.2824855506711188,0.8249319685878389,0.7344082851054886
1002.8732040229887,1.308858559188426,0.786400881529544,0.7716069647382434
1003.9705459770117,1.336877827471399,0.9288415915021929,0.9288415915021929
1005.0678879310346,1.3659149363441523,1.0500208440157492,1.0500208440157492
1006.1652298850577,1.3951943003442366,1.2612817480621992,1.2612817480621992
1007.2625718390807,1.4239878903336916,1.1784332352507534,1.1784332352507534
1008.3599137931036,1.4515726657558337,1.2788510531893218,1.2788510531893218
1009.4572557471266,1.4772115267665893,1.4584886932458123,1.4584886932458123
1010.5545977011496,1.5001541664200453,1.5821702606978294,1.5821702606978294
1011.6519396551727,1.519631128084144,1.6653632973482573,1.6653632973482573
1012.7492816091956,1.5348330764063831,1.7083371930538949,1.7083371930538949
1013.8466235632186,1.5448540739937153,1.6885735635633787,1.6885735635633787
1014.9439655172416,1.407332341670465,1.457809559345798,1.6132288131413253
1016.0413074712645,1.2460230744290974,1.5308669073748153,1.5299971593246973
1017.1386494252876,1.084713807187713,1.3799884572686805,1.3618523196671601
1018.2359913793106,0.9234045399463288,1.2122674324936789,1.2122674324936789
1019.3333333333335,0.7620952727049611,1.1011603952650164,1.1011603952650164
1020.4306752873565,0.6007860054635767,0.875046432759406,0.875046432759406
1021.5280172413795,0.43947673822219246,0.5258948150068485,0.5258948150068485
1022.6253591954026,0.27816747098080813,0.2642854487341592,0.2642854487341592
1023.7227011494255,0.11685820373944054,0.1774226439204737,0.1774226439204737
1024.8200431034486,-0.04445106350196046,0.07832270526801585,0.07832270526801585
1025.9173850574714,-0.20576033074331132,0.04508099026680224,-0.12219807666788282
1027.0147270114944,-0.36706959798469563,-0.32143938518359283,-0.33943193860181564
1028.1120689655174,-0.52837886522608,-0.5450759667705497,-0.5450759667705497
1029.2094109195405,-0.6896881324674643,-0.6598867127241148,-0.6598867127241148
1030.3067528735635,-0.8509973997088486,-0.8143885501578741,-0.8143885501578741
1031.4040948275865,-0.9126246731248996,-0.8284579987709241,-0.8962156433962486
1032.5014367816093,-0.8034441312052627,-0.8016358589518546,-0.8852337351650649
1033.5987787356323,-0.695173549144683,-0.9115121131324738,-0.9115121131324738
1034.6961206896553,-0.5887012423134973,-0.7712777370535434,-0.7712777370535434
1035.7934626436784,-0.484853163233869,-0.5709896850047576,-0.5803505509699881
1036.8908045977014,-0.38440314727468317,-0.41232446265121236,-0.41361269409232737
1037.9881465517244,-0.28807531153056226,-0.28865584539852196,-0.3654822281238555
1039.0854885057474,-0.1969313961497953,-0.3304990251035475,-0.3293637897882316
1040.1828304597702,-0.11133991499016081,-0.29113968080349073,-0.2802881667600706
1041.2801724137933,-0.03181434253419238,-0.27443678137936994,-0.2613204618757079
1042.3775143678163,0.017242997372558792,-0.35930928965409586,-0.33016751824406043
1043.4748563218393,0.016613457599363796,-0.3421657058888475,-0.3421657058888475
1044.5721982758623,0.016006728258412293,-0.30119589235155536,-0.23937446067491097
1045.6695402298853,0.015421988142858261,-0.13762695954494159,-0.09962786401140611
1046.7668821839084,0.014858445448054043,0.0393194705620645,0.04011873265209876
1047.8642241379312,0.014315336723855928,-0.04927223812827696,-0.04927223812827696
1048.9615660919542,0.01379192586410641,-0.11618439538034268,-0.11618439538034268
1050.0589080459772,0.01328840466539711,-0.13577424463773266,-0.1724171663909996
1051.1562500000002,0.012803695773593986,-0.2257513836187664,-0.20831619760594416
1052.2535919540232,0.012336535913838409,-0.20476625533181977,-0.1214781713442814
1053.3509339080463,0.011886293716095874,-0.06802967261039634,-0.0809151887154203
1054.4482758620693,0.011452360402743023,-0.1173491425701382,-0.13877548210380317
1055.545617816092,0.011034148983929229,-0.19545161106558445,-0.196635775492174
1056.642959770115,0.010631093481477668,-0.03223568588605213,-0.14238532399663506
1057.7403017241381,0.010242648180318512,0.03558483734915483,-0.008905770669765794
1058.8376436781612,0.009868286906479437,0.0865778339420573,0.0865778339420573
1059.9349856321842,0.009507502330695946,0.04581081178701773,0.04581081178701773
1061.0323275862072,0.009160146037948598,-0.04747097569764991,-0.04747097569764991
1062.12966954023,0.008826045366064725,-0.13404159640938937,-0.13404159640938937
1063.227011494253,0.008504040132264213,0.14797968478567283,0.14797968478567283
1064.324353448276,0.008193695196976995,0.10060379713372508,0.10060379713372508
1065.421695402299,0.007894590990561966,-0.07700838914757253,-0.07700838914757253
1066.519037356322,0.007606322958800186,-0.10233371240448919,-0.10233371240448919
1067.616379310345,0.007328501028055235,0.04251036053468563,0.04251036053468563
1068.7137212643681,0.007060749089405725,0.07617345027996408,0.12007895703646072
1069.811063218391,0.006802704501079506,0.10933707667835117,0.12095977247799486
1070.908405172414,0.006554017608542311,0.009623033037832875,0.009623033037832875
1072.005747126437,0.006314393001810979,0.05476388508452896,0.05490497726709172
1073.10308908046,0.006084103878805105,0.11474105120943033,0.12156223785309843
1074.200431034483,0.005862151371775389,0.30609676299444794,0.18821949843910515
1075.297772988506,0.005648235583126759,0.2615053137563121,0.2615053137563121
1076.395114942529,0.00544206734553051,0.27926620321048107,0.26868406608183715
1077.4924568965519,0.005243367839792798,0.1403325434346422,0.12673930728668076
1078.5897988505749,0.005051868226275862,-0.03993602178736997,-0.03993602178736997
1079.687140804598,0.004867309289393618,0.009662406203839995,0.009662406203839995
1080.784482758621,0.004689441094718773,0.12107704043425595,0.12107704043425595
1081.881824712644,0.004518022658256258,0.11783352660432833,0.11783352660432833
1082.979166666667,0.004352821627452666,0.04336036189224702,0.04336036189224702
1084.0765086206898,0.00419398373942245,0.10856993522673841,0.1078080429768156
1085.1738505747128,0.0040409959066320085,-0.00536419219893715,-0.013591197714522425
1086.2711925287358,0.003893547280761572,-0.08650899688028554,-0.08650899688028554
1087.3685344827588,0.003751438567830684,-0.05524398309935575,-0.05524398309935575
1088.4658764367819,0.003614477605449898,-0.06055828873580353,-0.06055828873580353
1089.5632183908049,0.0034824791088191305,-0.048341295205942596,-0.048341295205942596
1090.660560344828,0.00335526442573547,-0.10441699657094597,-0.10441699657094597
1091.7579022988507,0.0032326613002920572,-0.05252413824358401,-0.05252413824358401
1092.8552442528737,0.003114503644960697,-0.02103313154507137,-0.02103313154507137
1093.9525862068967,0.0030006313207622147,-0.037671483018499624,-0.037671483018499624
1095.0499281609198,0.07388744025236459,0.1899935839513251,0.1899935839513251
1096.1472701149428,0.14641484353985412,0.2693060497589513,0.2693060497589513
1097.2446120689658,0.21689587599662727,0.4271745033576067,0.4271745033576067
1098.3419540229888,0.28481949874691403,0.5656611203253836,0.5351911794084883
1099.4392959770116,0.3496460365257761,0.7690443207958105,0.7190825794394896
1100.5366379310346,0.41080984245716273,0.7607447914484821,0.791053231188231
1101.6339798850577,0.467717869420951,0.7254117087981833,0.7460839310838446
1102.7313218390807,0.5197395057947473,0.666775814836208,0.6368298866460416
1103.8286637931037,0.5661763038771276,0.5024177151311203,0.49540189600210127
1104.9260057471267,0.6061777072043303,0.6676910216148957,0.6676910216148957
1106.0233477011498,0.6372902727550925,0.5973606097126325,0.598157417695534
1107.1206896551726,0.6140467986407601,0.4902338936450103,0.5202429081390778
1108.2180316091956,0.5916447891643173,0.4884171923660037,0.4675355810702754
1109.3153735632186,0.5700539727655921,0.5820564811174048,0.5164875336221592
1110.4127155172416,0.5492451610277104,0.4710081147812608,0.5175466523002747
1111.5100574712646,0.5291902101026146,0.383912727863349,0.43915952087976484
1112.6073994252877,0.5098619835047167,0.4300013546338434,0.4300013546338434
1113.7047413793105,0.4912343162243462,0.5760914286574378,0.5760914286574378
1114.8020833333335,0.4732819801143248,0.653631283498272,0.620469221388183
1115.8994252873565,0.45598065050472225,0.6111780866373483,0.6070198343351513
1116.9967672413795,0.4393068740022995,0.7029849482084555,0.7029849482084555
1118.0941091954026,0.42836119545240525,0.8906614649610287,0.8906614649610287
1119.1914511494256,0.4728497678216633,0.7923278601157477,0.7923278601157477
1120.2887931034486,0.5221083702782328,0.6306717967538571,0.6470323298716533
1121.3861350574714,0.5747370946487452,0.5917921003721227,0.6265684077082876
1122.4834770114944,0.6296272426262236,0.7086818954124475,0.7086818954124475
1123.5808189655174,0.685790537380207,0.8284503787784978,0.8284503787784978
1124.6781609195405,0.7422993795760545,0.9446396658488849,0.9446396658488849
1125.7755028735635,0.7982641257318679,0.9699620765589129,0.9699620765589129
1126.8728448275865,0.8528254493188632,1.0173283231284627,1.0173283231284627
1127.9701867816095,0.9051532316115393,1.2123758652387207,1.2123758652387207
1129.0675287356323,0.954231818140924,1.3159704379648933,1.3159704379648933
1130.1648706896553,0.999318476333588,1.3357320728648736,1.3357320728648736
1131.2622126436784,1.0397533539347634,1.2527011925345148,1.2527011925345148
1132.3595545977014,1.0748072300067015,1.1634159463918543,1.1517162361820121
1133.4568965517244,1.1037142439740102,1.232483004898793,1.2148107153510799
1134.5542385057474,1.125545270274188,1.332821168343104,1.332821168343104
1135.6515804597705,1.1387157710713174,1.362624401232349,1.362624401232349
1136.7489224137933,1.1132647096639143,1.2628559522327087,1.2628559522327087
1137.8462643678163,1.0725746464295425,1.0205365193300733,1.0205365193300733
1138.9436063218393,1.0333602932889463,1.1152724320691698,1.0626555398298807
1140.0409482758623,0.995615405414156,1.155809246422038,1.155809246422038
1141.1382902298853,0.9593011354674993,1.2128157141525675,1.2128157141525675
1142.2356321839084,0.9243015775112705,1.2627272095733706,1.2506734679345555
1143.3329741379312,0.8905694332682778,1.2084261957977502,1.1743045521647546
1144.4303160919542,0.8580590968886875,1.0957544760345093,1.0957544760345093
1145.5276580459772,0.8267265946752165,0.9737278292879692,0.9737278292879692
1146.6250000000002,0.8219754618237054,0.8648787688731532,0.8648787688731532
1147.7223419540232,0.8427495294320851,0.7513028660819593,0.8007739311180357
1148.8196839080463,0.8704164207182232,0.5728649883529864,0.7377435822127479
1149.9170258620693,0.902407943558265,0.6592731530420403,0.6747132333074601
1151.014367816092,0.9373732125716793,0.7065106035597273,0.7065106035597273
1152.111709770115,0.9742977681755846,0.7089830882012739,0.7089830882012739
1153.2090517241381,1.0121255070172461,0.7006775616489657,0.7006775616489657
1154.3063936781612,1.050086831907016,0.8785025809840832,0.8743325707394767
1155.4037356321842,1.0874885990166947,1.0210468812571931,1.0129317382254954
1156.5010775862072,1.1237077589950955,1.070823717582513,1.053042771497274
1157.5984195402302,1.1581898891152411,0.9902067043588768,0.9759564550948852
1158.695761494253,1.1904498891595723,1.009421969148731,1.0257614377767759
1159.793103448276,1.2200734944941225,1.1439468739673722,1.1488056937555724
1160.890445402299,1.2467189567280015,1.177703411448888,1.2465395432089659
1161.987787356322,1.2701186736737502,1.3374483734455744,1.3383924752930108
1163.085129310345,1.2898278040674427,1.6411314485370132,1.6411314485370132
1164.1824712643681,1.305945347531459,1.5771932316288444,1.5771932316288444
1165.2798132183912,1.3184945319177794,1.5409070925862678,1.537735859534079
1166.377155172414,1.327558336650056,1.5760001480146897,1.5689412030692638
1167.474497126437,1.3333363092556632,1.6040586804122263,1.6040586804122263
1168.57183908046,1.3361857081684183,1.6550112906120615,1.6550112906120615
1169.669181034483,1.3366896789991898,1.6232175109112426,1.645308052080393
1170.766522988506,1.3357292547466015,1.5827967485501924,1.5905041300638392
1171.863864942529,1.3344494861436058,1.5445034538332794,1.5445034538332794
1172.9612068965519,1.3340067449272606,1.3155286412151967,1.3172535348022765
1174.0585488505749,1.3353693360124572,1.0797790308537383,1.0797790308537383
1175.155890804598,1.338997510970035,1.1202690799868678,1.1202690799868678
1176.253232758621,1.344973044650942,1.1649574609104831,1.1649574609104831
1177.350574712644,1.3532725157275438,1.2253242792559758,1.2253242792559758
1178.447916666667,1.3637732998349121,1.2178461281757023,1.2178461281757023
1179.54525862069,1.3762891461168605,1.1762999069111346,1.1762999069111346
1180.6426005747128,1.3905893342221782,1.1404221764635702,1.1404221764635702
1181.7399425287358,1.406408790802366,1.219946159084265,1.219946159084265
1182.8372844827588,1.4234532887269247,1.2401013736859843,1.2401013736859843
1183.9346264367819,1.4414020462279153,1.1940372072110097,1.1940372072110097
1185.0319683908049,1.459913604244317,1.2261433899483878,1.2860677065001465
1186.129310344828,1.4785829188702704,1.4551525983490252,1.3872580342027192
1187.226652298851,1.4969835695853073,1.5386859356358924,1.5055536690226472
1188.3239942528737,1.5146955556961976,1.7883789238400154,1.6895597070951383
1189.4213362068967,1.5312786941471177,1.8456416108695037,1.8456416108695037
1190.5186781609198,1.5462739986752883,1.8141563920399733,1.8141563920399733
1191.6160201149428,1.5592040950804904,1.5976312808838673,1.5976312808838673
1192.7133620689658,1.5695709987501714,1.5952391140055555,1.5952391140055555
1193.8107040229888,1.5768476206222262,1.52157497355818,1.52157497355818
1194.9080459770116,1.580454093127413,1.5389173109466197,1.5389173109466197
1196.0053879310346,1.5796678176840158,1.6675386030049353,1.6675386030049353
1197.1027298850577,1.5590061433846443,1.5450140551318805,1.5450140551318805
1198.2000718390807,1.39769687614326,1.4088725683662195,1.4088725683662195
1199.2974137931037,1.2363876089018757,1.1082535081825065,1.1082535081825065
